address_inline_tests::address_b256_from,365
address_inline_tests::address_b256_into,362
address_inline_tests::address_bits,352
address_inline_tests::address_eq,488
address_inline_tests::address_from_b256,349
address_inline_tests::address_hash,2196
address_inline_tests::address_into_b256,377
address_inline_tests::address_is_zero,348
address_inline_tests::address_ne,1092
address_inline_tests::address_try_from_bytes,2371
address_inline_tests::address_try_into_bytes,12622
address_inline_tests::address_zero,127
alloc_inline_tests::alloc_alloc,64111
alloc_inline_tests::alloc_alloc_bytes,64023
alloc_inline_tests::alloc_realloc,69413
alloc_inline_tests::alloc_realloc_bytes,69206
alloc_inline_tests::revert_alloc_alloc_bytes_does_not_exceed_bounds,84
alloc_inline_tests::revert_alloc_alloc_does_not_exceed_bounds,105
alloc_inline_tests::revert_alloc_realloc_bytes_when_realloc_unallocated_memory,76
alloc_inline_tests::revert_alloc_realloc_when_realloc_unallocated_memory,119
array_conversions_b256_inline_tests::b256_from_be_bytes,1124
array_conversions_b256_inline_tests::b256_from_le_bytes,1124
array_conversions_b256_inline_tests::b256_to_be_bytes,4664
array_conversions_b256_inline_tests::b256_to_le_bytes,3896
array_conversions_u16_inline_tests::u16_from_be_bytes,71
array_conversions_u16_inline_tests::u16_from_le_bytes,71
array_conversions_u16_inline_tests::u16_to_be_bytes,111
array_conversions_u16_inline_tests::u16_to_le_bytes,112
array_conversions_u256_inline_tests::u256_from_be_bytes,1124
array_conversions_u256_inline_tests::u256_from_le_bytes,1124
array_conversions_u256_inline_tests::u256_to_be_bytes,4664
array_conversions_u256_inline_tests::u256_to_le_bytes,3896
array_conversions_u32_inline_tests::u32_from_be_bytes,99
array_conversions_u32_inline_tests::u32_from_le_bytes,99
array_conversions_u32_inline_tests::u32_to_be_bytes,190
array_conversions_u32_inline_tests::u32_to_le_bytes,190
array_conversions_u64_inline_tests::u64_from_be_bytes,195
array_conversions_u64_inline_tests::u64_from_le_bytes,195
array_conversions_u64_inline_tests::u64_to_be_bytes,373
array_conversions_u64_inline_tests::u64_to_le_bytes,373
assert_inline_tests::assert_assert,185
assert_inline_tests::assert_assert_eq,1373
assert_inline_tests::assert_assert_ne,1379
assert_inline_tests::revert_assert_assert_eq,556
assert_inline_tests::revert_assert_assert_ne,532
assert_inline_tests::revert_assert_assert_when_not_true,34
asset_id_contract_tests::asset_id_default,1980
asset_id_inline_tests::asset_id_b256_from,365
asset_id_inline_tests::asset_id_b256_into,362
asset_id_inline_tests::asset_id_base,100
asset_id_inline_tests::asset_id_bits,347
asset_id_inline_tests::asset_id_default_not_in_contract,58
asset_id_inline_tests::asset_id_eq,486
asset_id_inline_tests::asset_id_from_b256,349
asset_id_inline_tests::asset_id_hasher,1651
asset_id_inline_tests::asset_id_into_b256,377
asset_id_inline_tests::asset_id_is_zero,348
asset_id_inline_tests::asset_id_ne,957
asset_id_inline_tests::asset_id_new,1588
asset_id_inline_tests::asset_id_try_from_bytes,2371
asset_id_inline_tests::asset_id_try_into_bytes,12622
asset_id_inline_tests::asset_id_zero,127
b512_inline_tests::b512_b256_from,532
b512_inline_tests::b512_b256_into,519
b512_inline_tests::b512_bits,700
b512_inline_tests::b512_eq,697
b512_inline_tests::b512_from_b256,610
b512_inline_tests::b512_into_b256,623
b512_inline_tests::b512_into_bytes,24826
b512_inline_tests::b512_is_zero,756
b512_inline_tests::b512_ne,1184
b512_inline_tests::b512_new,196
b512_inline_tests::b512_try_from_bytes,3045
b512_inline_tests::b512_zero,222
block_inline_tests::block_block_header_hash,191
block_inline_tests::block_height,48
block_inline_tests::block_timestamp,70
block_inline_tests::block_timestamp_of_block,70
block_inline_tests::revert_block_header_hash_err_current_height,127
block_inline_tests::revert_block_header_hash_err_future_height,145
bytes_conversions_b256_inline_tests::b256_from_be_bytes,4267
bytes_conversions_b256_inline_tests::b256_from_le_bytes,5640
bytes_conversions_b256_inline_tests::b256_to_be_bytes,6500
bytes_conversions_b256_inline_tests::b256_to_le_bytes,8306
bytes_conversions_u16_inline_tests::u16_from_be_bytes,321
bytes_conversions_u16_inline_tests::u16_from_le_bytes,323
bytes_conversions_u16_inline_tests::u16_to_be_bytes,456
bytes_conversions_u16_inline_tests::u16_to_le_bytes,457
bytes_conversions_u256_inline_tests::u256_from_be_bytes,4276
bytes_conversions_u256_inline_tests::u256_from_le_bytes,5640
bytes_conversions_u256_inline_tests::u256_to_be_bytes,6508
bytes_conversions_u256_inline_tests::u256_to_le_bytes,8306
bytes_conversions_u32_inline_tests::u32_from_be_bytes,454
bytes_conversions_u32_inline_tests::u32_from_le_bytes,454
bytes_conversions_u32_inline_tests::u32_to_be_bytes,696
bytes_conversions_u32_inline_tests::u32_to_le_bytes,696
bytes_conversions_u64_inline_tests::u64_from_be_bytes,693
bytes_conversions_u64_inline_tests::u64_from_le_bytes,693
bytes_conversions_u64_inline_tests::u64_to_be_bytes,1173
bytes_conversions_u64_inline_tests::u64_to_le_bytes,1173
bytes_inline_tests::bytes_append,3996
bytes_inline_tests::bytes_append_empty,1396
bytes_inline_tests::bytes_append_empty_self,178
bytes_inline_tests::bytes_append_self,2276
bytes_inline_tests::bytes_append_to_empty,1867
bytes_inline_tests::bytes_as_raw_slice,822
bytes_inline_tests::bytes_b256_into,2659
bytes_inline_tests::bytes_b256_try_from,6372
bytes_inline_tests::bytes_bigger_than_3064,222149
bytes_inline_tests::bytes_buffer_ownership,1969
bytes_inline_tests::bytes_capacity,1020
bytes_inline_tests::bytes_clear,796
bytes_inline_tests::bytes_clear_empty_bytes,354
bytes_inline_tests::bytes_clear_twice,1043
bytes_inline_tests::bytes_clone,1674
bytes_inline_tests::bytes_eq,1396
bytes_inline_tests::bytes_for_loop,1838
bytes_inline_tests::bytes_from_b256,2687
bytes_inline_tests::bytes_from_raw_slice,505
bytes_inline_tests::bytes_from_vec_u8,1622
bytes_inline_tests::bytes_get,1667
bytes_inline_tests::bytes_insert,1519
bytes_inline_tests::bytes_insert_back,1508
bytes_inline_tests::bytes_insert_before_back,1527
bytes_inline_tests::bytes_insert_front,1538
bytes_inline_tests::bytes_insert_twice,2571
bytes_inline_tests::bytes_into_raw_slice,831
bytes_inline_tests::bytes_into_vec_u8,1509
bytes_inline_tests::bytes_is_empty,886
bytes_inline_tests::bytes_iter,1863
bytes_inline_tests::bytes_len,1174
bytes_inline_tests::bytes_ne,1447
bytes_inline_tests::bytes_new,189
bytes_inline_tests::bytes_pop,2936
bytes_inline_tests::bytes_ptr,1028
bytes_inline_tests::bytes_push,2057
bytes_inline_tests::bytes_raw_slice_from,827
bytes_inline_tests::bytes_raw_slice_into,511
bytes_inline_tests::bytes_remove,1547
bytes_inline_tests::bytes_remove_all,1187
bytes_inline_tests::bytes_remove_end,1224
bytes_inline_tests::bytes_remove_front,1239
bytes_inline_tests::bytes_resize,5592
bytes_inline_tests::bytes_set,1295
bytes_inline_tests::bytes_set_back,1322
bytes_inline_tests::bytes_set_front,1295
bytes_inline_tests::bytes_set_twice,1895
bytes_inline_tests::bytes_splice,2036
bytes_inline_tests::bytes_splice_empty_range,1543
bytes_inline_tests::bytes_splice_end,1569
bytes_inline_tests::bytes_splice_entire_range,1614
bytes_inline_tests::bytes_splice_front,1548
bytes_inline_tests::bytes_splice_replace_empty_bytes,1548
bytes_inline_tests::bytes_splice_replace_larger,2394
bytes_inline_tests::bytes_splice_replace_overlap,2105
bytes_inline_tests::bytes_splice_replace_same_length,2106
bytes_inline_tests::bytes_splice_replace_smaller,2319
bytes_inline_tests::bytes_split_at,1793
bytes_inline_tests::bytes_split_at_end,1663
bytes_inline_tests::bytes_split_at_front,1641
bytes_inline_tests::bytes_split_at_twice,1773
bytes_inline_tests::bytes_swap,1548
bytes_inline_tests::bytes_swap_end,1240
bytes_inline_tests::bytes_swap_front,1239
bytes_inline_tests::bytes_swap_front_with_end,1240
bytes_inline_tests::bytes_swap_twice,2327
bytes_inline_tests::bytes_test_packing,1292
bytes_inline_tests::bytes_test_u8_limits,1726
bytes_inline_tests::bytes_try_into_b256,6363
bytes_inline_tests::bytes_vec_u8_from,1449
bytes_inline_tests::bytes_vec_u8_into,1626
bytes_inline_tests::bytes_with_capacity,961
bytes_inline_tests::revert_bytes_insert_out_of_bounds,679
bytes_inline_tests::revert_bytes_remove_out_of_bounds,645
bytes_inline_tests::revert_bytes_set_out_of_bounds,648
bytes_inline_tests::revert_bytes_splice_end_out_of_bounds,800
bytes_inline_tests::revert_bytes_splice_start_greater_than_end,727
bytes_inline_tests::revert_bytes_split_at_out_of_bounds,678
bytes_inline_tests::revert_bytes_swap_element_1_out_of_bounds,647
bytes_inline_tests::revert_bytes_swap_element_2_out_of_bounds,671
bytes_inline_tests::test_encode_decode,873
codec_implemented_tests::test_logging,27728
contract_id_contract_tests::contract_id_this,1937
contract_id_inline_tests::contract_id_b256_from,365
contract_id_inline_tests::contract_id_b256_into,362
contract_id_inline_tests::contract_id_bits,352
contract_id_inline_tests::contract_id_eq,488
contract_id_inline_tests::contract_id_from_b256,349
contract_id_inline_tests::contract_id_hash,2196
contract_id_inline_tests::contract_id_into_b256,377
contract_id_inline_tests::contract_id_is_zero,348
contract_id_inline_tests::contract_id_ne,1092
contract_id_inline_tests::contract_id_try_from_bytes,2371
contract_id_inline_tests::contract_id_try_into_bytes,12622
contract_id_inline_tests::contract_id_zero,127
crypto_ed25519_inline_tests::ed25519_bits,2980
crypto_ed25519_inline_tests::ed25519_codec,3799
crypto_ed25519_inline_tests::ed25519_eq,795
crypto_ed25519_inline_tests::ed25519_from_b256_tuple,14903
crypto_ed25519_inline_tests::ed25519_from_b512,15095
crypto_ed25519_inline_tests::ed25519_hash,647
crypto_ed25519_inline_tests::ed25519_into_b256,706
crypto_ed25519_inline_tests::ed25519_into_b512,1051
crypto_ed25519_inline_tests::ed25519_into_bytes,24621
crypto_ed25519_inline_tests::ed25519_new,5442
crypto_ed25519_inline_tests::ed25519_try_from_bytes,16776
crypto_ed25519_inline_tests::ed25519__verify,9808
crypto_message_inline_tests::message_bytes,1035
crypto_message_inline_tests::message_codec,298
crypto_message_inline_tests::message_eq,4461
crypto_message_inline_tests::message_from_b256,21466
crypto_message_inline_tests::message_from_bytes,3154
crypto_message_inline_tests::message_hash,677
crypto_message_inline_tests::message_new,266
crypto_message_inline_tests::message_try_into_b256,1348
crypto_point2d_inline_tests::point2d_b256_array_try_from,2043
crypto_point2d_inline_tests::point2d_b256_tuple_try_from,2001
crypto_point2d_inline_tests::point2d_codec,519
crypto_point2d_inline_tests::point2d_from_b256_array,3198
crypto_point2d_inline_tests::point2d_from_b256_tuple,3168
crypto_point2d_inline_tests::point2d_from_u256_array,3273
crypto_point2d_inline_tests::point2d_from_u256_tuple,3243
crypto_point2d_inline_tests::point2d_from_u8_array,14136
crypto_point2d_inline_tests::point2d_is_zero,4931
crypto_point2d_inline_tests::point2d_min,876
crypto_point2d_inline_tests::point2d_new,317
crypto_point2d_inline_tests::point2d_u256_array_try_from,2118
crypto_point2d_inline_tests::point2d_u256_tuple_try_from,2076
crypto_point2d_inline_tests::point2d_x,1176
crypto_point2d_inline_tests::point2d_y,1179
crypto_point2d_inline_tests::point2d_zero,902
crypto_public_key_inline_tests::public_key_bytes,788
crypto_public_key_inline_tests::public_key_codec,298
crypto_public_key_inline_tests::public_key_eq,4424
crypto_public_key_inline_tests::public_key_from_b256,21451
crypto_public_key_inline_tests::public_key_from_b256_tuple,42766
crypto_public_key_inline_tests::public_key_from_b512,42943
crypto_public_key_inline_tests::public_key_hash,675
crypto_public_key_inline_tests::public_key_is_zero,2726
crypto_public_key_inline_tests::public_key_new,266
crypto_public_key_inline_tests::public_key_try_from_bytes,66228
crypto_public_key_inline_tests::public_key_try_into_b256,1547
crypto_public_key_inline_tests::public_key_try_into_b256_tuple,2153
crypto_public_key_inline_tests::public_key_try_into_b512,2484
crypto_scalar_inline_tests::scalar_b256_try_from,1196
crypto_scalar_inline_tests::scalar_bytes,851
crypto_scalar_inline_tests::scalar_codec,272
crypto_scalar_inline_tests::scalar_from_b256,1623
crypto_scalar_inline_tests::scalar_from_u256,1659
crypto_scalar_inline_tests::scalar_from_u8_array,5099
crypto_scalar_inline_tests::scalar_is_zero,2890
crypto_scalar_inline_tests::scalar_min,450
crypto_scalar_inline_tests::scalar_new,240
crypto_scalar_inline_tests::scalar_u256_try_from,1196
crypto_scalar_inline_tests::scalar_zero,475
crypto_secp256k1_inline_tests::secp256k1_address,3559
crypto_secp256k1_inline_tests::secp256k1_bits,2980
crypto_secp256k1_inline_tests::secp256k1_codec,3799
crypto_secp256k1_inline_tests::secp256k1_eq,795
crypto_secp256k1_inline_tests::secp256k1_evm_address,3543
crypto_secp256k1_inline_tests::secp256k1_from_b256_tuple,14903
crypto_secp256k1_inline_tests::secp256k1_from_b512,15095
crypto_secp256k1_inline_tests::secp256k1_hash,647
crypto_secp256k1_inline_tests::secp256k1_into_b256_tuple,706
crypto_secp256k1_inline_tests::secp256k1_into_b512,1051
crypto_secp256k1_inline_tests::secp256k1_into_bytes,24621
crypto_secp256k1_inline_tests::secp256k1_new,5442
crypto_secp256k1_inline_tests::secp256k1_recover,3297
crypto_secp256k1_inline_tests::secp256k1_try_from_bytes,16776
crypto_secp256k1_inline_tests::secp256k1_verify,4322
crypto_secp256k1_inline_tests::secp256k1_verify_address,4323
crypto_secp256k1_inline_tests::secp256k1_verify_evm_address,4300
crypto_secp256r1_inline_tests::secp256r1_address,7657
crypto_secp256r1_inline_tests::secp256r1_bits,2980
crypto_secp256r1_inline_tests::secp256r1_codec,3799
crypto_secp256r1_inline_tests::secp256r1_eq,795
crypto_secp256r1_inline_tests::secp256r1_evm_address,7649
crypto_secp256r1_inline_tests::secp256r1_from_b256_tuple,14903
crypto_secp256r1_inline_tests::secp256r1_from_b512,15095
crypto_secp256r1_inline_tests::secp256r1_hash,647
crypto_secp256r1_inline_tests::secp256r1_into_b256_tuple,706
crypto_secp256r1_inline_tests::secp256r1_into_b512,1051
crypto_secp256r1_inline_tests::secp256r1_into_bytes,24621
crypto_secp256r1_inline_tests::secp256r1_new,5442
crypto_secp256r1_inline_tests::secp256r1_recover,7395
crypto_secp256r1_inline_tests::secp256r1_try_from_bytes,16776
crypto_secp256r1_inline_tests::secp256r1_verify,8793
crypto_secp256r1_inline_tests::secp256r1_verify_address,8421
crypto_secp256r1_inline_tests::secp256r1_verify_evm_address,8407
crypto_signature_inline_tests::signature_address,7518
crypto_signature_inline_tests::signature_as_ed25519,684
crypto_signature_inline_tests::signature_as_secp256k1,682
crypto_signature_inline_tests::signature_as_secp256r1,682
crypto_signature_inline_tests::signature_bits,8861
crypto_signature_inline_tests::signature_codec,3905
crypto_signature_inline_tests::signature_eq,5255
crypto_signature_inline_tests::signature_evm_address,7502
crypto_signature_inline_tests::signature_is_ed25519,420
crypto_signature_inline_tests::signature_is_secp256k1,413
crypto_signature_inline_tests::signature_is_secp256r1,418
crypto_signature_inline_tests::signature_recover,7315
crypto_signature_inline_tests::signature_verify,10732
crypto_signature_inline_tests::signature_verify_address,7431
crypto_signature_inline_tests::signature_verify_evm_address,7445
crypto_zk_inline_tests::revert_zk_alt_bn128_add_fail,4761
crypto_zk_inline_tests::revert_zk_alt_bn128_mul_fail,4482
crypto_zk_inline_tests::revert_zk_alt_bn128_pairing_check,123528
crypto_zk_inline_tests::zk_alt_bn128_add,26857
crypto_zk_inline_tests::zk_alt_bn128_mul,25448
crypto_zk_inline_tests::zk_alt_bn128_pairing_check,1146128
ecr_inline_tests::ecr_ec_recover,2699
ecr_inline_tests::ecr_ec_recover_address,4012
ecr_inline_tests::ecr_ec_recover_address_r1,8110
ecr_inline_tests::ecr_ec_recover_r1,6797
ecr_inline_tests::ecr_ed_verify,19161
ecr_inline_tests::ecr_ed_verify_fail,259
flags_inline_tests::flags_disable_panic_on_overflow,75
flags_inline_tests::flags_disable_panic_on_overflow_preserving,111
flags_inline_tests::flags_disable_panic_on_unsafe_math,102
flags_inline_tests::flags_disable_panic_on_unsafe_math_preserving,165
flags_inline_tests::test_panic_on_overflow_enabled,211
flags_inline_tests::test_panic_on_unsafe_math_enabled,211
hash_inline_tests::hash_hasher_keccak256_b256,1225
hash_inline_tests::hash_hasher_keccak256_bool,795
hash_inline_tests::hash_hasher_keccak256_bytes,747
hash_inline_tests::hash_hasher_keccak256_str,1227
hash_inline_tests::hash_hasher_keccak256_str_array,1138
hash_inline_tests::hash_hasher_keccak256_u16,1136
hash_inline_tests::hash_hasher_keccak256_u256,1225
hash_inline_tests::hash_hasher_keccak256_u32,1136
hash_inline_tests::hash_hasher_keccak256_u64,1134
hash_inline_tests::hash_hasher_keccak256_u8,792
hash_inline_tests::hash_hasher_sha256_10_array,11660
hash_inline_tests::hash_hasher_sha256_1_array,1184
hash_inline_tests::hash_hasher_sha256_2_array,2345
hash_inline_tests::hash_hasher_sha256_3_tuple,3469
hash_inline_tests::hash_hasher_sha256_4_array,4641
hash_inline_tests::hash_hasher_sha256_4_tuple,4617
hash_inline_tests::hash_hasher_sha256_5_array,5789
hash_inline_tests::hash_hasher_sha256_5_tuple,5765
hash_inline_tests::hash_hasher_sha256_6_array,7011
hash_inline_tests::hash_hasher_sha256_8_array,9335
hash_inline_tests::hash_hasher_sha256_9_array,10498
hash_inline_tests::hash_hasher_sha256_b256,1207
hash_inline_tests::hash_hasher_sha256_bool,777
hash_inline_tests::hash_hasher_sha256_bytes,827
hash_inline_tests::hash_hasher_sha256_u16,1118
hash_inline_tests::hash_hasher_sha256_u256,1207
hash_inline_tests::hash_hasher_sha256_u32,1118
hash_inline_tests::hash_hasher_sha256_u64,1116
hash_inline_tests::hash_hasher_sha256_u8,774
hash_inline_tests::hash_hasher_write_str,1209
hash_inline_tests::hash_hasher_write_str_array,1120
hash_inline_tests::hash_keccak256,1197
hash_inline_tests::hash_sha256,1179
hash_inline_tests::hash_sha256_str_array,1158
identity_inline_tests::identity_as_address,1268
identity_inline_tests::identity_as_contract_id,1268
identity_inline_tests::identity_bits,899
identity_inline_tests::identity_eq,1351
identity_inline_tests::identity_hash,5359
identity_inline_tests::identity_is_address,681
identity_inline_tests::identity_is_contract_id,685
identity_inline_tests::identity_ne,6898
math_inline_tests::math_b256_zero,83
math_inline_tests::math_log2_u16,156
math_inline_tests::math_log2_u256,1639
math_inline_tests::math_log2_u32,156
math_inline_tests::math_log2_u64,156
math_inline_tests::math_log2_u8,129
math_inline_tests::math_log_u16,183
math_inline_tests::math_log_u256,9796
math_inline_tests::math_log_u32,183
math_inline_tests::math_log_u64,316
math_inline_tests::math_log_u8,183
math_inline_tests::math_power_u16,964
math_inline_tests::math_power_u256,10302
math_inline_tests::math_power_u32,844
math_inline_tests::math_power_u64,552
math_inline_tests::math_power_u8,1204
math_inline_tests::math_root_u16,600
math_inline_tests::math_root_u256,11890
math_inline_tests::math_root_u256_disable_overflow,11920
math_inline_tests::math_root_u256_unsafe_math,11920
math_inline_tests::math_root_u32,600
math_inline_tests::math_root_u64,600
math_inline_tests::math_root_u8,441
math_inline_tests::math_u16_0th_root_fail,11
math_inline_tests::math_u16_add,425
math_inline_tests::math_u16_disable_overflow,630
math_inline_tests::math_u16_divide,242
math_inline_tests::math_u16_divide_by_zero_unsafe_math,112
math_inline_tests::math_u16_log2_fail_x_0,10
math_inline_tests::math_u16_log2_fail_x_0_disable_overflow,40
math_inline_tests::math_u16_log2_fail_x_0_unsafe_math,78
math_inline_tests::math_u16_log_fail_base_0,10
math_inline_tests::math_u16_log_fail_base_0_disable_overflow,40
math_inline_tests::math_u16_log_fail_base_1,10
math_inline_tests::math_u16_log_fail_base_1_disable_overflow,40
math_inline_tests::math_u16_log_fail_x_0,10
math_inline_tests::math_u16_log_fail_x_0_disable_overflow,40
math_inline_tests::math_u16_log_parity_with_ruint,575642
math_inline_tests::math_u16_log_unsafe_math,134
math_inline_tests::math_u16_modulo,312
math_inline_tests::math_u16_modulo_unsafe_math,121
math_inline_tests::math_u16_mul,847
math_inline_tests::math_u16_overflow_add,578
math_inline_tests::math_u16_overflow_mul,196
math_inline_tests::math_u16_overflow_pow,140
math_inline_tests::math_u16_sub,862
math_inline_tests::math_u16_underflow_sub,246
math_inline_tests::math_u16_unsafe_math,630
math_inline_tests::math_u16_zero,71
math_inline_tests::math_u256_add,335
math_inline_tests::math_u256_divide,447
math_inline_tests::math_u256_divide_by_zero_unsafe_math,177
math_inline_tests::math_u256_log2_fail_x_0,168
math_inline_tests::math_u256_log2_fail_x_0_disable_overflow,198
math_inline_tests::math_u256_log2_fail_x_0_unsafe_math,330
math_inline_tests::math_u256_log_fail_base_0,233
math_inline_tests::math_u256_log_fail_base_0_disable_overflow,263
math_inline_tests::math_u256_log_fail_base_1,233
math_inline_tests::math_u256_log_fail_base_1_disable_overflow,263
math_inline_tests::math_u256_log_fail_x_0,287
math_inline_tests::math_u256_log_fail_x_0_disable_overflow,317
math_inline_tests::math_u256_log_parity_with_ruint,1645530
math_inline_tests::math_u256_modulo,416
math_inline_tests::math_u256_modulo_unsafe_math,203
math_inline_tests::math_u256_mul,635
math_inline_tests::math_u256_overflow_add,361
math_inline_tests::math_u256_overflow_mul,183
math_inline_tests::math_u256_overflow_pow,338
math_inline_tests::math_u256_sub,643
math_inline_tests::math_u256_underflow_sub,168
math_inline_tests::math_u256_unsafe_math,801
math_inline_tests::math_u256_zero,83
math_inline_tests::math_u32_0th_root_fail,11
math_inline_tests::math_u32_add,425
math_inline_tests::math_u32_disable_overflow,630
math_inline_tests::math_u32_divide,242
math_inline_tests::math_u32_divide_by_zero_unsafe_math,112
math_inline_tests::math_u32_log2_fail_x_0,10
math_inline_tests::math_u32_log2_fail_x_0_disable_overflow,40
math_inline_tests::math_u32_log2_fail_x_0_unsafe_math,78
math_inline_tests::math_u32_log_fail_base_0,10
math_inline_tests::math_u32_log_fail_base_0_disable_overflow,40
math_inline_tests::math_u32_log_fail_base_1,10
math_inline_tests::math_u32_log_fail_base_1_disable_overflow,40
math_inline_tests::math_u32_log_fail_x_0,10
math_inline_tests::math_u32_log_fail_x_0_disable_overflow,40
math_inline_tests::math_u32_log_parity_with_ruint,575642
math_inline_tests::math_u32_log_unsafe_math,134
math_inline_tests::math_u32_modulo,312
math_inline_tests::math_u32_modulo_unsafe_math,121
math_inline_tests::math_u32_mul,847
math_inline_tests::math_u32_overflow_add,578
math_inline_tests::math_u32_overflow_mul,196
math_inline_tests::math_u32_overflow_pow,140
math_inline_tests::math_u32_sub,862
math_inline_tests::math_u32_underflow_sub,246
math_inline_tests::math_u32_unsafe_math,630
math_inline_tests::math_u32_zero,71
math_inline_tests::math_u64_0th_root_fail,11
math_inline_tests::math_u64_add,167
math_inline_tests::math_u64_disable_overflow,630
math_inline_tests::math_u64_divide,242
math_inline_tests::math_u64_divide_by_zero_unsafe_math,112
math_inline_tests::math_u64_log2_fail_x_0,10
math_inline_tests::math_u64_log2_fail_x_0_disable_overflow,40
math_inline_tests::math_u64_log2_fail_x_0_unsafe_math,78
math_inline_tests::math_u64_log_fail_base_0,10
math_inline_tests::math_u64_log_fail_base_0_disable_overflow,40
math_inline_tests::math_u64_log_fail_base_1,10
math_inline_tests::math_u64_log_fail_base_1_disable_overflow,40
math_inline_tests::math_u64_log_fail_x_0,10
math_inline_tests::math_u64_log_fail_x_0_disable_overflow,40
math_inline_tests::math_u64_log_parity_with_ruint,179591
math_inline_tests::math_u64_log_unsafe_math,134
math_inline_tests::math_u64_modulo,226
math_inline_tests::math_u64_modulo_unsafe_math,121
math_inline_tests::math_u64_mul,331
math_inline_tests::math_u64_overflow_add,181
math_inline_tests::math_u64_overflow_pow,83
math_inline_tests::math_u64_sub,346
math_inline_tests::math_u64_underflow_sub,112
math_inline_tests::math_u64_unsafe_math,630
math_inline_tests::math_u64_zero,71
math_inline_tests::math_u8_0th_root_fail,11
math_inline_tests::math_u8_add,395
math_inline_tests::math_u8_divide,264
math_inline_tests::math_u8_divide_by_zero_unsafe_math,123
math_inline_tests::math_u8_log2_fail_x_0,10
math_inline_tests::math_u8_log2_fail_x_0_disable_overflow,40
math_inline_tests::math_u8_log2_fail_x_0_unsafe_math,78
math_inline_tests::math_u8_log_fail_base_0,10
math_inline_tests::math_u8_log_fail_base_0_disable_overflow,40
math_inline_tests::math_u8_log_fail_base_1,10
math_inline_tests::math_u8_log_fail_base_1_disable_overflow,40
math_inline_tests::math_u8_log_fail_x_0,10
math_inline_tests::math_u8_log_fail_x_0_disable_overflow,40
math_inline_tests::math_u8_log_parity_with_ruint,586592
math_inline_tests::math_u8_log_unsafe_math,138
math_inline_tests::math_u8_modulo,224
math_inline_tests::math_u8_modulo_unsafe_math,121
math_inline_tests::math_u8_mul,789
math_inline_tests::math_u8_overflow_add,542
math_inline_tests::math_u8_overflow_mul,185
math_inline_tests::math_u8_overflow_pow,143
math_inline_tests::math_u8_sub,788
math_inline_tests::math_u8_underflow_sub,243
math_inline_tests::math_u8_unsafe_math,471
math_inline_tests::math_u8_zero,73
math_inline_tests::math_u8_zero_root_disable_overflow,471
math_inline_tests::revert_math_u16_add_unsafe_math,104
math_inline_tests::revert_math_u16_divide_by_zero,12
math_inline_tests::revert_math_u16_divide_by_zero_with_disabled_overflow,42
math_inline_tests::revert_math_u16_modulo_panic_on_overflow_disabled,36
math_inline_tests::revert_math_u16_modulo_panic_on_undefined_math,6
math_inline_tests::revert_math_u16_mul_unsafe_math,105
math_inline_tests::revert_math_u16_overflow_add,74
math_inline_tests::revert_math_u16_overflow_mul,75
math_inline_tests::revert_math_u16_pow_overflow,68
math_inline_tests::revert_math_u16_pow_unsafe_math,98
math_inline_tests::revert_math_u16_sub_unsafe_math,62
math_inline_tests::revert_math_u16_underflow_sub,32
math_inline_tests::revert_math_u256_add_unsafe_math,22
math_inline_tests::revert_math_u256_divide_by_zero,23
math_inline_tests::revert_math_u256_divide_by_zero_with_disabled_overflow,52
math_inline_tests::revert_math_u256_modulo_panic_on_disabled_overflow,52
math_inline_tests::revert_math_u256_modulo_panic_on_undefined_math,22
math_inline_tests::revert_math_u256_mul_unsafe_math,52
math_inline_tests::revert_math_u256_overflow_add,22
math_inline_tests::revert_math_u256_overflow_mul,22
math_inline_tests::revert_math_u256_pow_overflow,1134
math_inline_tests::revert_math_u256_pow_unsafe_math,1165
math_inline_tests::revert_math_u256_sub_unsafe_math,43
math_inline_tests::revert_math_u256_underflow_sub,13
math_inline_tests::revert_math_u32_add_unsafe_math,104
math_inline_tests::revert_math_u32_divide_by_zero,12
math_inline_tests::revert_math_u32_divide_by_zero_with_disabled_overflow,42
math_inline_tests::revert_math_u32_modulo_panic_on_overflow_disabled,36
math_inline_tests::revert_math_u32_modulo_panic_on_undefined_math,6
math_inline_tests::revert_math_u32_mul_unsafe_math,105
math_inline_tests::revert_math_u32_overflow_add,74
math_inline_tests::revert_math_u32_overflow_mul,75
math_inline_tests::revert_math_u32_pow_overflow,68
math_inline_tests::revert_math_u32_pow_unsafe_math,98
math_inline_tests::revert_math_u32_sub_unsafe_math,62
math_inline_tests::revert_math_u32_underflow_sub,32
math_inline_tests::revert_math_u64_add_unsafe_math,41
math_inline_tests::revert_math_u64_divide_by_zero,12
math_inline_tests::revert_math_u64_divide_by_zero_with_disabled_overflow,42
math_inline_tests::revert_math_u64_modulo_panic_on_disabled_overflow,36
math_inline_tests::revert_math_u64_modulo_panic_on_undefined_math,6
math_inline_tests::revert_math_u64_overflow_add,11
math_inline_tests::revert_math_u64_pow_overflow,10
math_inline_tests::revert_math_u64_pow_unsafe_math,40
math_inline_tests::revert_math_u64_sub_unsafe_math,42
math_inline_tests::revert_math_u64_underflow_sub,12
math_inline_tests::revert_math_u8_add_unsafe_math,101
math_inline_tests::revert_math_u8_divide_by_zero,14
math_inline_tests::revert_math_u8_divide_by_zero_with_disabled_overflow,44
math_inline_tests::revert_math_u8_modulo_panic_on_overflow_disabled,36
math_inline_tests::revert_math_u8_modulo_panic_on_undefined_math,6
math_inline_tests::revert_math_u8_mul_unsafe_math,102
math_inline_tests::revert_math_u8_overflow_add,71
math_inline_tests::revert_math_u8_overflow_mul,72
math_inline_tests::revert_math_u8_pow_overflow,68
math_inline_tests::revert_math_u8_pow_unsafe_math,98
math_inline_tests::revert_math_u8_sub_unsafe_math,60
math_inline_tests::revert_math_u8_underflow_sub,30
ops_inline_tests::str_eq_test,1255
option_inline_tests::option_eq,1520
option_inline_tests::option_expect,1137
option_inline_tests::option_is_none,760
option_inline_tests::option_is_some,751
option_inline_tests::option_ne,1612
option_inline_tests::option_ok_or,1511
option_inline_tests::option_unwrap,1027
option_inline_tests::option_unwrap_or,1244
option_inline_tests::revert_option_expect_when_none,252
option_inline_tests::revert_option_when_unwrap_none,45
output_inline_tests::output_output_eq,439
output_inline_tests::output_output_neq,1088
primitive_conversions_b256_inline_tests::b256_from_tuple,181
primitive_conversions_b256_inline_tests::b256_from_u128,697
primitive_conversions_b256_inline_tests::b256_from_u256,175
primitive_conversions_b256_inline_tests::b256_into_tuple,209
primitive_conversions_b256_inline_tests::b256_into_u128,743
primitive_conversions_b256_inline_tests::b256_into_u256,187
primitive_conversions_b256_inline_tests::b256_try_from_b512,364
primitive_conversions_b256_inline_tests::b256_try_from_bytes,5421
primitive_conversions_b256_inline_tests::test_b256_as_u256,63
primitive_conversions_str_inline_tests::str_slice_to_str_array,545
primitive_conversions_u16_inline_tests::test_u16_as_u256,98
primitive_conversions_u16_inline_tests::test_u16_as_u32,49
primitive_conversions_u16_inline_tests::test_u16_as_u64,49
primitive_conversions_u16_inline_tests::u16_from_u8,111
primitive_conversions_u16_inline_tests::u16_into_u8,111
primitive_conversions_u16_inline_tests::u16_try_from_u128,940
primitive_conversions_u16_inline_tests::u16_try_from_u256,987
primitive_conversions_u16_inline_tests::u16_try_from_u32,611
primitive_conversions_u16_inline_tests::u16_try_from_u64,594
primitive_conversions_u256_inline_tests::u256_from_b256,177
primitive_conversions_u256_inline_tests::u256_from_tuple,181
primitive_conversions_u256_inline_tests::u256_from_u128,426
primitive_conversions_u256_inline_tests::u256_from_u16,274
primitive_conversions_u256_inline_tests::u256_from_u32,274
primitive_conversions_u256_inline_tests::u256_from_u64,274
primitive_conversions_u256_inline_tests::u256_from_u8,274
primitive_conversions_u256_inline_tests::u256_into_b256,200
primitive_conversions_u256_inline_tests::u256_into_tuple,209
primitive_conversions_u256_inline_tests::u256_into_u128,454
primitive_conversions_u256_inline_tests::u256_into_u16,293
primitive_conversions_u256_inline_tests::u256_into_u32,293
primitive_conversions_u256_inline_tests::u256_into_u64,293
primitive_conversions_u256_inline_tests::u256_into_u8,299
primitive_conversions_u256_inline_tests::u256_try_from_b512,1061
primitive_conversions_u32_inline_tests::test_u32_as_u256,98
primitive_conversions_u32_inline_tests::test_u32_as_u64,49
primitive_conversions_u32_inline_tests::u32_from_u16,103
primitive_conversions_u32_inline_tests::u32_from_u8,109
primitive_conversions_u32_inline_tests::u32_into_u16,103
primitive_conversions_u32_inline_tests::u32_into_u8,109
primitive_conversions_u32_inline_tests::u32_try_from_u128,940
primitive_conversions_u32_inline_tests::u32_try_from_u256,1099
primitive_conversions_u32_inline_tests::u32_try_from_u64,594
primitive_conversions_u64_inline_tests::u64_as_u256,98
primitive_conversions_u64_inline_tests::u64_from_u16,105
primitive_conversions_u64_inline_tests::u64_from_u32,105
primitive_conversions_u64_inline_tests::u64_from_u8,111
primitive_conversions_u64_inline_tests::u64_into_u16,105
primitive_conversions_u64_inline_tests::u64_into_u32,105
primitive_conversions_u64_inline_tests::u64_into_u8,111
primitive_conversions_u64_inline_tests::u64_try_from_u128,776
primitive_conversions_u64_inline_tests::u64_try_from_u256,1095
primitive_conversions_u8_inline_tests::test_u8_as_u16,51
primitive_conversions_u8_inline_tests::test_u8_as_u256,100
primitive_conversions_u8_inline_tests::test_u8_as_u32,51
primitive_conversions_u8_inline_tests::test_u8_as_u64,51
primitive_conversions_u8_inline_tests::u8_try_from_u128,946
primitive_conversions_u8_inline_tests::u8_try_from_u16,617
primitive_conversions_u8_inline_tests::u8_try_from_u256,1109
primitive_conversions_u8_inline_tests::u8_try_from_u32,617
primitive_conversions_u8_inline_tests::u8_try_from_u64,600
result_inline_tests::result_expect,1143
result_inline_tests::result_is_err,742
result_inline_tests::result_is_ok,733
result_inline_tests::result_unwrap,1028
result_inline_tests::result_unwrap_or,1218
result_inline_tests::revert_result_expect_when_none,403
result_inline_tests::revert_result_when_unwrap_none,25
result_inline_tests::test_eq_u64_u64,377
result_inline_tests::test_neq_u64_u64,2050
revert_inline_tests::pass_revert_require,60
revert_inline_tests::revert_revert,18
revert_inline_tests::revert_revert_require,240
revert_inline_tests::revert_revert_with_log,219
storage_key_inline_tests::storage_key_field_id,437
storage_key_inline_tests::storage_key_is_zero,1070
storage_key_inline_tests::storage_key_new,794
storage_key_inline_tests::storage_key_offset,377
storage_key_inline_tests::storage_key_slot,434
storage_key_inline_tests::storage_key_zero,272
string_inline_tests::string_as_bytes,1005
string_inline_tests::string_as_raw_slice,905
string_inline_tests::string_bytes_from,1297
string_inline_tests::string_bytes_into,1297
string_inline_tests::string_capacity,581
string_inline_tests::string_clear,495
string_inline_tests::string_clear_empty,290
string_inline_tests::string_clone,2441
string_inline_tests::string_from_ascii,1564
string_inline_tests::string_from_ascii_str,1378
string_inline_tests::string_from_bytes,1287
string_inline_tests::string_from_raw_slice,1345
string_inline_tests::string_into_bytes,1967
string_inline_tests::string_into_raw_slice,1686
string_inline_tests::string_is_empty,1105
string_inline_tests::string_new,243
string_inline_tests::string_ptr,1086
string_inline_tests::string_raw_slice_from,905
string_inline_tests::string_raw_slice_into,919
string_inline_tests::string_test_abi_encoding,1180
string_inline_tests::string_test_equal,1540
string_inline_tests::string_test_hash,951
string_inline_tests::string_with_capacity,3120
tx_inline_tests::tx_transaction_eq,1555
tx_inline_tests::tx_transaction_ne,6780
u128_inline_tests::parity_u128_log_with_ruint,2207192
u128_inline_tests::revert_u128_1log1,336
u128_inline_tests::revert_u128_1log1_disable_overflow,366
u128_inline_tests::revert_u128_add,503
u128_inline_tests::revert_u128_add_on_unsafe_math,533
u128_inline_tests::revert_u128_binary_log,227
u128_inline_tests::revert_u128_binary_log_disable_overflow,257
u128_inline_tests::revert_u128_disable_overflow,336
u128_inline_tests::revert_u128_disable_overflow_disable_overflow,366
u128_inline_tests::revert_u128_divide_by_zero,282
u128_inline_tests::revert_u128_divide_by_zero_disabled_overflow,312
u128_inline_tests::revert_u128_mod_zero,246
u128_inline_tests::revert_u128_mod_zero_disabled_overflow,276
u128_inline_tests::revert_u128_multiply,270
u128_inline_tests::revert_u128_multiply_on_unsafe_math,287
u128_inline_tests::revert_u128_pow_overflow,535
u128_inline_tests::revert_u128_sub,232
u128_inline_tests::revert_u128_sub_on_unsafe_math,262
u128_inline_tests::revert_u128_zero_root,209
u128_inline_tests::revert_u128_zero_root_overflow_disabled,239
u128_inline_tests::revert_unsafe_math_u128_0log_3,396
u128_inline_tests::revert_unsafe_math_u128_0log_3_disable_overflow,426
u128_inline_tests::u128_add,2555
u128_inline_tests::u128_add_overflow,1670
u128_inline_tests::u128_as_u256,12508
u128_inline_tests::u128_as_u64,962
u128_inline_tests::u128_binary_log,2143
u128_inline_tests::u128_bits,43
u128_inline_tests::u128_bitwise_and,2494
u128_inline_tests::u128_bitwise_or,4396
u128_inline_tests::u128_divide,87811
u128_inline_tests::u128_divide_by_zero_unsafe_math,309
u128_inline_tests::u128_eq,519
u128_inline_tests::u128_from_u16,477
u128_inline_tests::u128_from_u32,477
u128_inline_tests::u128_from_u64,477
u128_inline_tests::u128_from_u64_tuple,484
u128_inline_tests::u128_from_u8,483
u128_inline_tests::u128_into_u64_tuple,486
u128_inline_tests::u128_is_zero,490
u128_inline_tests::u128_log,26814
u128_inline_tests::u128_log_unsafe_math,823
u128_inline_tests::u128_lower,336
u128_inline_tests::u128_max,154
u128_inline_tests::u128_min,127
u128_inline_tests::u128_mod,1212453
u128_inline_tests::u128_mod_zero_unsafe_math,757
u128_inline_tests::u128_multiply,1368
u128_inline_tests::u128_multiply_overflow,841
u128_inline_tests::u128_ne,1261
u128_inline_tests::u128_new,150
u128_inline_tests::u128_not,593
u128_inline_tests::u128_ord,1928
u128_inline_tests::u128_overflowing_add,621
u128_inline_tests::u128_overflowing_mul,452
u128_inline_tests::u128_overflowing_pow,5070
u128_inline_tests::u128_pow,9286
u128_inline_tests::u128_root,15153
u128_inline_tests::u128_shift,1152
u128_inline_tests::u128_sub,1394
u128_inline_tests::u128_sub_underflow,648
u128_inline_tests::u128_u16_into,493
u128_inline_tests::u128_u32_into,493
u128_inline_tests::u128_u64_into,493
u128_inline_tests::u128_u64_tuple_from,450
u128_inline_tests::u128_u64_tuple_into,502
u128_inline_tests::u128_u8_into,499
u128_inline_tests::u128_underflowing_sub,353
u128_inline_tests::u128_unsafe_math_log2,344
u128_inline_tests::u128_unsafemath_log2,344
u128_inline_tests::u128_upper,336
u128_inline_tests::u128_zero,164
u128_inline_tests::u128_zero_root_unsafe_math,476
vec_inline_tests::revert_vec_insert_out_of_bounds,799
vec_inline_tests::revert_vec_remove_out_of_bounds,766
vec_inline_tests::revert_vec_set_out_of_bounds,769
vec_inline_tests::revert_vec_swap_element_1_out_of_bounds,768
vec_inline_tests::revert_vec_swap_element_2_out_of_bounds,792
vec_inline_tests::vec_as_raw_slice,926
vec_inline_tests::vec_buffer_ownership,2496
vec_inline_tests::vec_capacity,1203
vec_inline_tests::vec_clear,805
vec_inline_tests::vec_clear_empty_vec,286
vec_inline_tests::vec_clear_twice,873
vec_inline_tests::vec_clone,1981
vec_inline_tests::vec_encode_and_decode,2581
vec_inline_tests::vec_from_raw_slice,502
vec_inline_tests::vec_get,1938
vec_inline_tests::vec_insert,1800
vec_inline_tests::vec_insert_back,1729
vec_inline_tests::vec_insert_before_back,1778
vec_inline_tests::vec_insert_front,1849
vec_inline_tests::vec_insert_twice,3119
vec_inline_tests::vec_is_empty,1024
vec_inline_tests::vec_iter,2257
vec_inline_tests::vec_last,1863
vec_inline_tests::vec_len,1355
vec_inline_tests::vec_new,184
vec_inline_tests::vec_pop,3470
vec_inline_tests::vec_ptr,1167
vec_inline_tests::vec_push,2300
vec_inline_tests::vec_raw_slice_into,508
vec_inline_tests::vec_remove,1828
vec_inline_tests::vec_remove_all,1469
vec_inline_tests::vec_remove_end,1420
vec_inline_tests::vec_remove_front,1495
vec_inline_tests::vec_resize,6186
vec_inline_tests::vec_set,1491
vec_inline_tests::vec_set_back,1518
vec_inline_tests::vec_set_front,1491
vec_inline_tests::vec_set_twice,2166
vec_inline_tests::vec_swap,1822
vec_inline_tests::vec_swap_end,1489
vec_inline_tests::vec_swap_front,1488
vec_inline_tests::vec_swap_front_with_end,1489
vec_inline_tests::vec_swap_twice,2754
vec_inline_tests::vec_with_capacity,3283
vm_evm_ecr_inline_tests::ecr_ec_recover,3666
vm_evm_evm_address_inline_tests::evm_address_b256_from,381
vm_evm_evm_address_inline_tests::evm_address_b256_into,400
vm_evm_evm_address_inline_tests::evm_address_bits,372
vm_evm_evm_address_inline_tests::evm_address_eq,530
vm_evm_evm_address_inline_tests::evm_address_from_b256,372
vm_evm_evm_address_inline_tests::evm_address_hash,2364
vm_evm_evm_address_inline_tests::evm_address_into_b256,400
vm_evm_evm_address_inline_tests::evm_address_into_bytes,8716
vm_evm_evm_address_inline_tests::evm_address_is_zero,479
vm_evm_evm_address_inline_tests::evm_address_ne,376
vm_evm_evm_address_inline_tests::evm_address_try_from_bytes,3660
vm_evm_evm_address_inline_tests::evm_address_zero,127