Test,Before,After,Percentage
address_inline_tests::address_b256_from,365,350,4.11
address_inline_tests::address_b256_into,362,347,4.14
address_inline_tests::address_bits,352,337,4.26
address_inline_tests::address_eq,488,467,4.30
address_inline_tests::address_from_b256,349,334,4.30
address_inline_tests::address_hash,2196,2124,3.28
address_inline_tests::address_into_b256,377,362,3.98
address_inline_tests::address_is_zero,348,337,3.16
address_inline_tests::address_ne,1092,1044,4.40
address_inline_tests::address_try_from_bytes,2371,2283,3.71
address_inline_tests::address_try_into_bytes,12622,12296,2.58
address_inline_tests::address_zero,127,123,3.15
alloc_inline_tests::alloc_alloc,64111,60046,6.34
alloc_inline_tests::alloc_alloc_bytes,64023,59968,6.33
alloc_inline_tests::alloc_realloc,69413,65187,6.09
alloc_inline_tests::alloc_realloc_bytes,69206,65010,6.06
alloc_inline_tests::revert_alloc_alloc_bytes_does_not_exceed_bounds,84,78,7.14
alloc_inline_tests::revert_alloc_alloc_does_not_exceed_bounds,105,97,7.62
alloc_inline_tests::revert_alloc_realloc_bytes_when_realloc_unallocated_memory,76,74,2.63
alloc_inline_tests::revert_alloc_realloc_when_realloc_unallocated_memory,119,113,5.04
array_conversions_b256_inline_tests::b256_from_be_bytes,1124,991,11.83
array_conversions_b256_inline_tests::b256_from_le_bytes,1124,991,11.83
array_conversions_b256_inline_tests::b256_to_be_bytes,4664,4340,6.95
array_conversions_b256_inline_tests::b256_to_le_bytes,3896,3636,6.67
array_conversions_u16_inline_tests::u16_from_be_bytes,71,66,7.04
array_conversions_u16_inline_tests::u16_from_le_bytes,71,66,7.04
array_conversions_u16_inline_tests::u16_to_be_bytes,111,105,5.41
array_conversions_u16_inline_tests::u16_to_le_bytes,112,106,5.36
array_conversions_u256_inline_tests::u256_from_be_bytes,1124,991,11.83
array_conversions_u256_inline_tests::u256_from_le_bytes,1124,991,11.83
array_conversions_u256_inline_tests::u256_to_be_bytes,4664,4340,6.95
array_conversions_u256_inline_tests::u256_to_le_bytes,3896,3636,6.67
array_conversions_u32_inline_tests::u32_from_be_bytes,99,90,9.09
array_conversions_u32_inline_tests::u32_from_le_bytes,99,90,9.09
array_conversions_u32_inline_tests::u32_to_be_bytes,190,178,6.32
array_conversions_u32_inline_tests::u32_to_le_bytes,190,178,6.32
array_conversions_u64_inline_tests::u64_from_be_bytes,195,178,8.72
array_conversions_u64_inline_tests::u64_from_le_bytes,195,178,8.72
array_conversions_u64_inline_tests::u64_to_be_bytes,373,357,4.29
array_conversions_u64_inline_tests::u64_to_le_bytes,373,349,6.43
assert_inline_tests::assert_assert,185,175,5.41
assert_inline_tests::assert_assert_eq,1373,1333,2.91
assert_inline_tests::assert_assert_ne,1379,1341,2.76
assert_inline_tests::revert_assert_assert_eq,556,539,3.06
assert_inline_tests::revert_assert_assert_ne,532,520,2.26
assert_inline_tests::revert_assert_assert_when_not_true,34,33,2.94
asset_id_contract_tests::asset_id_default,1980,1908,3.64
asset_id_inline_tests::asset_id_b256_from,365,350,4.11
asset_id_inline_tests::asset_id_b256_into,362,347,4.14
asset_id_inline_tests::asset_id_base,100,97,3.00
asset_id_inline_tests::asset_id_bits,347,333,4.03
asset_id_inline_tests::asset_id_default_not_in_contract,58,57,1.72
asset_id_inline_tests::asset_id_eq,486,466,4.12
asset_id_inline_tests::asset_id_from_b256,349,334,4.30
asset_id_inline_tests::asset_id_hasher,1651,1597,3.27
asset_id_inline_tests::asset_id_into_b256,377,362,3.98
asset_id_inline_tests::asset_id_is_zero,348,337,3.16
asset_id_inline_tests::asset_id_ne,957,916,4.28
asset_id_inline_tests::asset_id_new,1588,1532,3.53
asset_id_inline_tests::asset_id_try_from_bytes,2371,2283,3.71
asset_id_inline_tests::asset_id_try_into_bytes,12622,12296,2.58
asset_id_inline_tests::asset_id_zero,127,123,3.15
b512_inline_tests::b512_b256_from,532,520,2.26
b512_inline_tests::b512_b256_into,519,507,2.31
b512_inline_tests::b512_bits,700,682,2.57
b512_inline_tests::b512_eq,697,685,1.72
b512_inline_tests::b512_from_b256,610,592,2.95
b512_inline_tests::b512_into_b256,623,605,2.89
b512_inline_tests::b512_into_bytes,24826,24196,2.54
b512_inline_tests::b512_is_zero,756,741,1.98
b512_inline_tests::b512_ne,1184,1158,2.20
b512_inline_tests::b512_new,196,191,2.55
b512_inline_tests::b512_try_from_bytes,3045,2950,3.12
b512_inline_tests::b512_zero,222,216,2.70
block_inline_tests::block_block_header_hash,191,188,1.57
block_inline_tests::block_height,48,47,2.08
block_inline_tests::block_timestamp,70,68,2.86
block_inline_tests::block_timestamp_of_block,70,68,2.86
block_inline_tests::revert_block_header_hash_err_current_height,127,125,1.57
block_inline_tests::revert_block_header_hash_err_future_height,145,143,1.38
bytes_conversions_b256_inline_tests::b256_from_be_bytes,4267,4063,4.78
bytes_conversions_b256_inline_tests::b256_from_le_bytes,5640,5392,4.40
bytes_conversions_b256_inline_tests::b256_to_be_bytes,6500,6239,4.02
bytes_conversions_b256_inline_tests::b256_to_le_bytes,8306,8011,3.55
bytes_conversions_u16_inline_tests::u16_from_be_bytes,321,309,3.74
bytes_conversions_u16_inline_tests::u16_from_le_bytes,323,311,3.72
bytes_conversions_u16_inline_tests::u16_to_be_bytes,456,445,2.41
bytes_conversions_u16_inline_tests::u16_to_le_bytes,457,446,2.41
bytes_conversions_u256_inline_tests::u256_from_be_bytes,4276,4072,4.77
bytes_conversions_u256_inline_tests::u256_from_le_bytes,5640,5392,4.40
bytes_conversions_u256_inline_tests::u256_to_be_bytes,6508,6247,4.01
bytes_conversions_u256_inline_tests::u256_to_le_bytes,8306,8011,3.55
bytes_conversions_u32_inline_tests::u32_from_be_bytes,454,441,2.86
bytes_conversions_u32_inline_tests::u32_from_le_bytes,454,441,2.86
bytes_conversions_u32_inline_tests::u32_to_be_bytes,696,679,2.44
bytes_conversions_u32_inline_tests::u32_to_le_bytes,696,679,2.44
bytes_conversions_u64_inline_tests::u64_from_be_bytes,693,679,2.02
bytes_conversions_u64_inline_tests::u64_from_le_bytes,693,679,2.02
bytes_conversions_u64_inline_tests::u64_to_be_bytes,1173,1144,2.47
bytes_conversions_u64_inline_tests::u64_to_le_bytes,1173,1144,2.47
bytes_inline_tests::bytes_append,3996,3855,3.53
bytes_inline_tests::bytes_append_empty,1396,1347,3.51
bytes_inline_tests::bytes_append_empty_self,178,171,3.93
bytes_inline_tests::bytes_append_self,2276,2203,3.21
bytes_inline_tests::bytes_append_to_empty,1867,1800,3.59
bytes_inline_tests::bytes_as_raw_slice,822,801,2.55
bytes_inline_tests::bytes_b256_into,2659,2612,1.77
bytes_inline_tests::bytes_b256_try_from,6372,6253,1.87
bytes_inline_tests::bytes_bigger_than_3064,222149,219055,1.39
bytes_inline_tests::bytes_buffer_ownership,1969,1908,3.10
bytes_inline_tests::bytes_capacity,1020,989,3.04
bytes_inline_tests::bytes_clear,796,773,2.89
bytes_inline_tests::bytes_clear_empty_bytes,354,335,5.37
bytes_inline_tests::bytes_clear_twice,1043,1012,2.97
bytes_inline_tests::bytes_clone,1674,1619,3.29
bytes_inline_tests::bytes_eq,1396,1363,2.36
bytes_inline_tests::bytes_for_loop,1838,1773,3.54
bytes_inline_tests::bytes_from_b256,2687,2639,1.79
bytes_inline_tests::bytes_from_raw_slice,505,485,3.96
bytes_inline_tests::bytes_from_vec_u8,1622,1564,3.58
bytes_inline_tests::bytes_get,1667,1613,3.24
bytes_inline_tests::bytes_insert,1519,1469,3.29
bytes_inline_tests::bytes_insert_back,1508,1460,3.18
bytes_inline_tests::bytes_insert_before_back,1527,1477,3.27
bytes_inline_tests::bytes_insert_front,1538,1486,3.38
bytes_inline_tests::bytes_insert_twice,2571,2480,3.54
bytes_inline_tests::bytes_into_raw_slice,831,810,2.53
bytes_inline_tests::bytes_into_vec_u8,1509,1456,3.51
bytes_inline_tests::bytes_is_empty,886,857,3.27
bytes_inline_tests::bytes_iter,1863,1813,2.68
bytes_inline_tests::bytes_len,1174,1143,2.64
bytes_inline_tests::bytes_ne,1447,1411,2.49
bytes_inline_tests::bytes_new,189,179,5.29
bytes_inline_tests::bytes_pop,2936,2859,2.62
bytes_inline_tests::bytes_ptr,1028,989,3.79
bytes_inline_tests::bytes_push,2057,1979,3.79
bytes_inline_tests::bytes_raw_slice_from,827,806,2.54
bytes_inline_tests::bytes_raw_slice_into,511,491,3.91
bytes_inline_tests::bytes_remove,1547,1495,3.36
bytes_inline_tests::bytes_remove_all,1187,1149,3.20
bytes_inline_tests::bytes_remove_end,1224,1186,3.10
bytes_inline_tests::bytes_remove_front,1239,1199,3.23
bytes_inline_tests::bytes_resize,5592,5383,3.74
bytes_inline_tests::bytes_set,1295,1255,3.09
bytes_inline_tests::bytes_set_back,1322,1280,3.18
bytes_inline_tests::bytes_set_front,1295,1255,3.09
bytes_inline_tests::bytes_set_twice,1895,1832,3.32
bytes_inline_tests::bytes_splice,2036,1972,3.14
bytes_inline_tests::bytes_splice_empty_range,1543,1492,3.31
bytes_inline_tests::bytes_splice_end,1569,1517,3.31
bytes_inline_tests::bytes_splice_entire_range,1614,1559,3.41
bytes_inline_tests::bytes_splice_front,1548,1497,3.29
bytes_inline_tests::bytes_splice_replace_empty_bytes,1548,1497,3.29
bytes_inline_tests::bytes_splice_replace_larger,2394,2322,3.01
bytes_inline_tests::bytes_splice_replace_overlap,2105,2040,3.09
bytes_inline_tests::bytes_splice_replace_same_length,2106,2041,3.09
bytes_inline_tests::bytes_splice_replace_smaller,2319,2248,3.06
bytes_inline_tests::bytes_split_at,1793,1732,3.40
bytes_inline_tests::bytes_split_at_end,1663,1603,3.61
bytes_inline_tests::bytes_split_at_front,1641,1583,3.53
bytes_inline_tests::bytes_split_at_twice,1773,1711,3.50
bytes_inline_tests::bytes_swap,1548,1500,3.10
bytes_inline_tests::bytes_swap_end,1240,1204,2.90
bytes_inline_tests::bytes_swap_front,1239,1203,2.91
bytes_inline_tests::bytes_swap_front_with_end,1240,1204,2.90
bytes_inline_tests::bytes_swap_twice,2327,2249,3.35
bytes_inline_tests::bytes_test_packing,1292,1266,2.01
bytes_inline_tests::bytes_test_u8_limits,1726,1676,2.90
bytes_inline_tests::bytes_try_into_b256,6363,6244,1.87
bytes_inline_tests::bytes_vec_u8_from,1449,1399,3.45
bytes_inline_tests::bytes_vec_u8_into,1626,1568,3.57
bytes_inline_tests::bytes_with_capacity,961,921,4.16
bytes_inline_tests::revert_bytes_insert_out_of_bounds,679,664,2.21
bytes_inline_tests::revert_bytes_remove_out_of_bounds,645,631,2.17
bytes_inline_tests::revert_bytes_set_out_of_bounds,648,634,2.16
bytes_inline_tests::revert_bytes_splice_end_out_of_bounds,800,779,2.62
bytes_inline_tests::revert_bytes_splice_start_greater_than_end,727,710,2.34
bytes_inline_tests::revert_bytes_split_at_out_of_bounds,678,662,2.36
bytes_inline_tests::revert_bytes_swap_element_1_out_of_bounds,647,633,2.16
bytes_inline_tests::revert_bytes_swap_element_2_out_of_bounds,671,656,2.24
bytes_inline_tests::test_encode_decode,873,848,2.86
codec_implemented_tests::test_logging,27728,26948,2.81
contract_id_contract_tests::contract_id_this,1937,1863,3.82
contract_id_inline_tests::contract_id_b256_from,365,350,4.11
contract_id_inline_tests::contract_id_b256_into,362,347,4.14
contract_id_inline_tests::contract_id_bits,352,337,4.26
contract_id_inline_tests::contract_id_eq,488,467,4.30
contract_id_inline_tests::contract_id_from_b256,349,334,4.30
contract_id_inline_tests::contract_id_hash,2196,2124,3.28
contract_id_inline_tests::contract_id_into_b256,377,362,3.98
contract_id_inline_tests::contract_id_is_zero,348,337,3.16
contract_id_inline_tests::contract_id_ne,1092,1044,4.40
contract_id_inline_tests::contract_id_try_from_bytes,2371,2283,3.71
contract_id_inline_tests::contract_id_try_into_bytes,12622,12296,2.58
contract_id_inline_tests::contract_id_zero,127,123,3.15
crypto_ed25519_inline_tests::ed25519_bits,2980,2785,6.54
crypto_ed25519_inline_tests::ed25519_codec,3799,3732,1.76
crypto_ed25519_inline_tests::ed25519_eq,795,759,4.53
crypto_ed25519_inline_tests::ed25519_from_b256_tuple,14903,14129,5.19
crypto_ed25519_inline_tests::ed25519_from_b512,15095,14318,5.15
crypto_ed25519_inline_tests::ed25519_hash,647,626,3.25
crypto_ed25519_inline_tests::ed25519_into_b256,706,688,2.55
crypto_ed25519_inline_tests::ed25519_into_b512,1051,1027,2.28
crypto_ed25519_inline_tests::ed25519_into_bytes,24621,24003,2.51
crypto_ed25519_inline_tests::ed25519_new,5442,5121,5.90
crypto_ed25519_inline_tests::ed25519_try_from_bytes,16776,15927,5.06
crypto_ed25519_inline_tests::ed25519__verify,9808,9665,1.46
crypto_message_inline_tests::message_bytes,1035,1001,3.29
crypto_message_inline_tests::message_codec,298,293,1.68
crypto_message_inline_tests::message_eq,4461,4261,4.48
crypto_message_inline_tests::message_from_b256,21466,20567,4.19
crypto_message_inline_tests::message_from_bytes,3154,3052,3.23
crypto_message_inline_tests::message_hash,677,653,3.55
crypto_message_inline_tests::message_new,266,252,5.26
crypto_message_inline_tests::message_try_into_b256,1348,1294,4.01
crypto_point2d_inline_tests::point2d_b256_array_try_from,2043,1968,3.67
crypto_point2d_inline_tests::point2d_b256_tuple_try_from,2001,1926,3.75
crypto_point2d_inline_tests::point2d_codec,519,507,2.31
crypto_point2d_inline_tests::point2d_from_b256_array,3198,3063,4.22
crypto_point2d_inline_tests::point2d_from_b256_tuple,3168,3033,4.26
crypto_point2d_inline_tests::point2d_from_u256_array,3273,3138,4.12
crypto_point2d_inline_tests::point2d_from_u256_tuple,3243,3108,4.16
crypto_point2d_inline_tests::point2d_from_u8_array,14136,13623,3.63
crypto_point2d_inline_tests::point2d_is_zero,4931,4892,0.79
crypto_point2d_inline_tests::point2d_min,876,842,3.88
crypto_point2d_inline_tests::point2d_new,317,300,5.36
crypto_point2d_inline_tests::point2d_u256_array_try_from,2118,2043,3.54
crypto_point2d_inline_tests::point2d_u256_tuple_try_from,2076,2001,3.61
crypto_point2d_inline_tests::point2d_x,1176,1131,3.83
crypto_point2d_inline_tests::point2d_y,1179,1134,3.82
crypto_point2d_inline_tests::point2d_zero,902,867,3.88
crypto_public_key_inline_tests::public_key_bytes,788,758,3.81
crypto_public_key_inline_tests::public_key_codec,298,293,1.68
crypto_public_key_inline_tests::public_key_eq,4424,4223,4.54
crypto_public_key_inline_tests::public_key_from_b256,21451,20552,4.19
crypto_public_key_inline_tests::public_key_from_b256_tuple,42766,40979,4.18
crypto_public_key_inline_tests::public_key_from_b512,42943,41153,4.17
crypto_public_key_inline_tests::public_key_hash,675,651,3.56
crypto_public_key_inline_tests::public_key_is_zero,2726,2700,0.95
crypto_public_key_inline_tests::public_key_new,266,252,5.26
crypto_public_key_inline_tests::public_key_try_from_bytes,66228,63502,4.12
crypto_public_key_inline_tests::public_key_try_into_b256,1547,1480,4.33
crypto_public_key_inline_tests::public_key_try_into_b256_tuple,2153,2067,3.99
crypto_public_key_inline_tests::public_key_try_into_b512,2484,2392,3.70
crypto_scalar_inline_tests::scalar_b256_try_from,1196,1148,4.01
crypto_scalar_inline_tests::scalar_bytes,851,813,4.47
crypto_scalar_inline_tests::scalar_codec,272,268,1.47
crypto_scalar_inline_tests::scalar_from_b256,1623,1551,4.44
crypto_scalar_inline_tests::scalar_from_u256,1659,1587,4.34
crypto_scalar_inline_tests::scalar_from_u8_array,5099,4841,5.06
crypto_scalar_inline_tests::scalar_is_zero,2890,2864,0.90
crypto_scalar_inline_tests::scalar_min,450,433,3.78
crypto_scalar_inline_tests::scalar_new,240,227,5.42
crypto_scalar_inline_tests::scalar_u256_try_from,1196,1148,4.01
crypto_scalar_inline_tests::scalar_zero,475,457,3.79
crypto_secp256k1_inline_tests::secp256k1_address,3559,3501,1.63
crypto_secp256k1_inline_tests::secp256k1_bits,2980,2785,6.54
crypto_secp256k1_inline_tests::secp256k1_codec,3799,3732,1.76
crypto_secp256k1_inline_tests::secp256k1_eq,795,759,4.53
crypto_secp256k1_inline_tests::secp256k1_evm_address,3543,3486,1.61
crypto_secp256k1_inline_tests::secp256k1_from_b256_tuple,14903,14129,5.19
crypto_secp256k1_inline_tests::secp256k1_from_b512,15095,14318,5.15
crypto_secp256k1_inline_tests::secp256k1_hash,647,626,3.25
crypto_secp256k1_inline_tests::secp256k1_into_b256_tuple,706,688,2.55
crypto_secp256k1_inline_tests::secp256k1_into_b512,1051,1027,2.28
crypto_secp256k1_inline_tests::secp256k1_into_bytes,24621,24003,2.51
crypto_secp256k1_inline_tests::secp256k1_new,5442,5121,5.90
crypto_secp256k1_inline_tests::secp256k1_recover,3297,3248,1.49
crypto_secp256k1_inline_tests::secp256k1_try_from_bytes,16776,15927,5.06
crypto_secp256k1_inline_tests::secp256k1_verify,4322,4229,2.15
crypto_secp256k1_inline_tests::secp256k1_verify_address,4323,4238,1.97
crypto_secp256k1_inline_tests::secp256k1_verify_evm_address,4300,4217,1.93
crypto_secp256r1_inline_tests::secp256r1_address,7657,7599,0.76
crypto_secp256r1_inline_tests::secp256r1_bits,2980,2785,6.54
crypto_secp256r1_inline_tests::secp256r1_codec,3799,3732,1.76
crypto_secp256r1_inline_tests::secp256r1_eq,795,759,4.53
crypto_secp256r1_inline_tests::secp256r1_evm_address,7649,7592,0.75
crypto_secp256r1_inline_tests::secp256r1_from_b256_tuple,14903,14129,5.19
crypto_secp256r1_inline_tests::secp256r1_from_b512,15095,14318,5.15
crypto_secp256r1_inline_tests::secp256r1_hash,647,626,3.25
crypto_secp256r1_inline_tests::secp256r1_into_b256_tuple,706,688,2.55
crypto_secp256r1_inline_tests::secp256r1_into_b512,1051,1027,2.28
crypto_secp256r1_inline_tests::secp256r1_into_bytes,24621,24003,2.51
crypto_secp256r1_inline_tests::secp256r1_new,5442,5121,5.90
crypto_secp256r1_inline_tests::secp256r1_recover,7395,7346,0.66
crypto_secp256r1_inline_tests::secp256r1_try_from_bytes,16776,15927,5.06
crypto_secp256r1_inline_tests::secp256r1_verify,8793,8684,1.24
crypto_secp256r1_inline_tests::secp256r1_verify_address,8421,8336,1.01
crypto_secp256r1_inline_tests::secp256r1_verify_evm_address,8407,8323,1.00
crypto_signature_inline_tests::signature_address,7518,7395,1.64
crypto_signature_inline_tests::signature_as_ed25519,684,662,3.22
crypto_signature_inline_tests::signature_as_secp256k1,682,660,3.23
crypto_signature_inline_tests::signature_as_secp256r1,682,660,3.23
crypto_signature_inline_tests::signature_bits,8861,8279,6.57
crypto_signature_inline_tests::signature_codec,3905,3834,1.82
crypto_signature_inline_tests::signature_eq,5255,5084,3.25
crypto_signature_inline_tests::signature_evm_address,7502,7381,1.61
crypto_signature_inline_tests::signature_is_ed25519,420,408,2.86
crypto_signature_inline_tests::signature_is_secp256k1,413,401,2.91
crypto_signature_inline_tests::signature_is_secp256r1,418,406,2.87
crypto_signature_inline_tests::signature_recover,7315,7196,1.63
crypto_signature_inline_tests::signature_verify,10732,10585,1.37
crypto_signature_inline_tests::signature_verify_address,7431,7311,1.61
crypto_signature_inline_tests::signature_verify_evm_address,7445,7328,1.57
crypto_zk_inline_tests::revert_zk_alt_bn128_add_fail,4761,4708,1.11
crypto_zk_inline_tests::revert_zk_alt_bn128_mul_fail,4482,4439,0.96
crypto_zk_inline_tests::revert_zk_alt_bn128_pairing_check,123528,123426,0.08
crypto_zk_inline_tests::zk_alt_bn128_add,26857,26507,1.30
crypto_zk_inline_tests::zk_alt_bn128_mul,25448,25148,1.18
crypto_zk_inline_tests::zk_alt_bn128_pairing_check,1146128,1144671,0.13
ecr_inline_tests::ecr_ec_recover,2699,2679,0.74
ecr_inline_tests::ecr_ec_recover_address,4012,3952,1.50
ecr_inline_tests::ecr_ec_recover_address_r1,8110,8050,0.74
ecr_inline_tests::ecr_ec_recover_r1,6797,6777,0.29
ecr_inline_tests::ecr_ed_verify,19161,18981,0.94
ecr_inline_tests::ecr_ed_verify_fail,259,251,3.09
flags_inline_tests::flags_disable_panic_on_overflow,75,73,2.67
flags_inline_tests::flags_disable_panic_on_overflow_preserving,111,107,3.60
flags_inline_tests::flags_disable_panic_on_unsafe_math,102,96,5.88
flags_inline_tests::flags_disable_panic_on_unsafe_math_preserving,165,153,7.27
flags_inline_tests::test_panic_on_overflow_enabled,211,200,5.21
flags_inline_tests::test_panic_on_unsafe_math_enabled,211,200,5.21
hash_inline_tests::hash_hasher_keccak256_b256,1225,1187,3.10
hash_inline_tests::hash_hasher_keccak256_bool,795,773,2.77
hash_inline_tests::hash_hasher_keccak256_bytes,747,725,2.95
hash_inline_tests::hash_hasher_keccak256_str,1227,1191,2.93
hash_inline_tests::hash_hasher_keccak256_str_array,1138,1102,3.16
hash_inline_tests::hash_hasher_keccak256_u16,1136,1098,3.35
hash_inline_tests::hash_hasher_keccak256_u256,1225,1187,3.10
hash_inline_tests::hash_hasher_keccak256_u32,1136,1098,3.35
hash_inline_tests::hash_hasher_keccak256_u64,1134,1096,3.35
hash_inline_tests::hash_hasher_keccak256_u8,792,770,2.78
hash_inline_tests::hash_hasher_sha256_10_array,11660,11296,3.12
hash_inline_tests::hash_hasher_sha256_1_array,1184,1140,3.72
hash_inline_tests::hash_hasher_sha256_2_array,2345,2269,3.24
hash_inline_tests::hash_hasher_sha256_3_tuple,3469,3357,3.23
hash_inline_tests::hash_hasher_sha256_4_array,4641,4493,3.19
hash_inline_tests::hash_hasher_sha256_4_tuple,4617,4469,3.21
hash_inline_tests::hash_hasher_sha256_5_array,5789,5605,3.18
hash_inline_tests::hash_hasher_sha256_5_tuple,5765,5581,3.19
hash_inline_tests::hash_hasher_sha256_6_array,7011,6791,3.14
hash_inline_tests::hash_hasher_sha256_8_array,9335,9043,3.13
hash_inline_tests::hash_hasher_sha256_9_array,10498,10170,3.12
hash_inline_tests::hash_hasher_sha256_b256,1207,1169,3.15
hash_inline_tests::hash_hasher_sha256_bool,777,755,2.83
hash_inline_tests::hash_hasher_sha256_bytes,827,801,3.14
hash_inline_tests::hash_hasher_sha256_u16,1118,1080,3.40
hash_inline_tests::hash_hasher_sha256_u256,1207,1169,3.15
hash_inline_tests::hash_hasher_sha256_u32,1118,1080,3.40
hash_inline_tests::hash_hasher_sha256_u64,1116,1078,3.41
hash_inline_tests::hash_hasher_sha256_u8,774,752,2.84
hash_inline_tests::hash_hasher_write_str,1209,1173,2.98
hash_inline_tests::hash_hasher_write_str_array,1120,1084,3.21
hash_inline_tests::hash_keccak256,1197,1157,3.34
hash_inline_tests::hash_sha256,1179,1139,3.39
hash_inline_tests::hash_sha256_str_array,1158,1118,3.45
identity_inline_tests::identity_as_address,1268,1226,3.31
identity_inline_tests::identity_as_contract_id,1268,1226,3.31
identity_inline_tests::identity_bits,899,877,2.45
identity_inline_tests::identity_eq,1351,1303,3.55
identity_inline_tests::identity_hash,5359,5217,2.65
identity_inline_tests::identity_is_address,681,659,3.23
identity_inline_tests::identity_is_contract_id,685,663,3.21
identity_inline_tests::identity_ne,6898,6670,3.31
math_inline_tests::math_b256_zero,83,81,2.41
math_inline_tests::math_log2_u16,156,151,3.21
math_inline_tests::math_log2_u256,1639,1543,5.86
math_inline_tests::math_log2_u32,156,151,3.21
math_inline_tests::math_log2_u64,156,151,3.21
math_inline_tests::math_log2_u8,129,125,3.10
math_inline_tests::math_log_u16,183,177,3.28
math_inline_tests::math_log_u256,9796,9355,4.50
math_inline_tests::math_log_u32,183,177,3.28
math_inline_tests::math_log_u64,316,304,3.80
math_inline_tests::math_log_u8,183,177,3.28
math_inline_tests::math_power_u16,964,900,6.64
math_inline_tests::math_power_u256,10302,10010,2.83
math_inline_tests::math_power_u32,844,788,6.64
math_inline_tests::math_power_u64,552,524,5.07
math_inline_tests::math_power_u8,1204,1124,6.64
math_inline_tests::math_root_u16,600,578,3.67
math_inline_tests::math_root_u256,11890,11868,0.19
math_inline_tests::math_root_u256_disable_overflow,11920,11897,0.19
math_inline_tests::math_root_u256_unsafe_math,11920,11897,0.19
math_inline_tests::math_root_u32,600,578,3.67
math_inline_tests::math_root_u64,600,578,3.67
math_inline_tests::math_root_u8,441,425,3.63
math_inline_tests::math_u16_0th_root_fail,11,10,9.09
math_inline_tests::math_u16_add,425,408,4.00
math_inline_tests::math_u16_disable_overflow,630,607,3.65
math_inline_tests::math_u16_divide,242,234,3.31
math_inline_tests::math_u16_divide_by_zero_unsafe_math,112,109,2.68
math_inline_tests::math_u16_log2_fail_x_0,10,9,10.00
math_inline_tests::math_u16_log2_fail_x_0_disable_overflow,40,38,5.00
math_inline_tests::math_u16_log2_fail_x_0_unsafe_math,78,75,3.85
math_inline_tests::math_u16_log_fail_base_0,10,9,10.00
math_inline_tests::math_u16_log_fail_base_0_disable_overflow,40,38,5.00
math_inline_tests::math_u16_log_fail_base_1,10,9,10.00
math_inline_tests::math_u16_log_fail_base_1_disable_overflow,40,38,5.00
math_inline_tests::math_u16_log_fail_x_0,10,9,10.00
math_inline_tests::math_u16_log_fail_x_0_disable_overflow,40,38,5.00
math_inline_tests::math_u16_log_parity_with_ruint,575642,568342,1.27
math_inline_tests::math_u16_log_unsafe_math,134,127,5.22
math_inline_tests::math_u16_modulo,312,300,3.85
math_inline_tests::math_u16_modulo_unsafe_math,121,117,3.31
math_inline_tests::math_u16_mul,847,813,4.01
math_inline_tests::math_u16_overflow_add,578,551,4.67
math_inline_tests::math_u16_overflow_mul,196,188,4.08
math_inline_tests::math_u16_overflow_pow,140,133,5.00
math_inline_tests::math_u16_sub,862,826,4.18
math_inline_tests::math_u16_underflow_sub,246,235,4.47
math_inline_tests::math_u16_unsafe_math,630,607,3.65
math_inline_tests::math_u16_zero,71,69,2.82
math_inline_tests::math_u256_add,335,330,1.49
math_inline_tests::math_u256_divide,447,439,1.79
math_inline_tests::math_u256_divide_by_zero_unsafe_math,177,174,1.69
math_inline_tests::math_u256_log2_fail_x_0,168,161,4.17
math_inline_tests::math_u256_log2_fail_x_0_disable_overflow,198,190,4.04
math_inline_tests::math_u256_log2_fail_x_0_unsafe_math,330,312,5.45
math_inline_tests::math_u256_log_fail_base_0,233,226,3.00
math_inline_tests::math_u256_log_fail_base_0_disable_overflow,263,255,3.04
math_inline_tests::math_u256_log_fail_base_1,233,226,3.00
math_inline_tests::math_u256_log_fail_base_1_disable_overflow,263,255,3.04
math_inline_tests::math_u256_log_fail_x_0,287,276,3.83
math_inline_tests::math_u256_log_fail_x_0_disable_overflow,317,305,3.79
math_inline_tests::math_u256_log_parity_with_ruint,1645530,1585280,3.66
math_inline_tests::math_u256_modulo,416,409,1.68
math_inline_tests::math_u256_modulo_unsafe_math,203,199,1.97
math_inline_tests::math_u256_mul,635,624,1.73
math_inline_tests::math_u256_overflow_add,361,356,1.39
math_inline_tests::math_u256_overflow_mul,183,180,1.64
math_inline_tests::math_u256_overflow_pow,338,330,2.37
math_inline_tests::math_u256_sub,643,631,1.87
math_inline_tests::math_u256_underflow_sub,168,165,1.79
math_inline_tests::math_u256_unsafe_math,801,776,3.12
math_inline_tests::math_u256_zero,83,81,2.41
math_inline_tests::math_u32_0th_root_fail,11,10,9.09
math_inline_tests::math_u32_add,425,408,4.00
math_inline_tests::math_u32_disable_overflow,630,607,3.65
math_inline_tests::math_u32_divide,242,234,3.31
math_inline_tests::math_u32_divide_by_zero_unsafe_math,112,109,2.68
math_inline_tests::math_u32_log2_fail_x_0,10,9,10.00
math_inline_tests::math_u32_log2_fail_x_0_disable_overflow,40,38,5.00
math_inline_tests::math_u32_log2_fail_x_0_unsafe_math,78,75,3.85
math_inline_tests::math_u32_log_fail_base_0,10,9,10.00
math_inline_tests::math_u32_log_fail_base_0_disable_overflow,40,38,5.00
math_inline_tests::math_u32_log_fail_base_1,10,9,10.00
math_inline_tests::math_u32_log_fail_base_1_disable_overflow,40,38,5.00
math_inline_tests::math_u32_log_fail_x_0,10,9,10.00
math_inline_tests::math_u32_log_fail_x_0_disable_overflow,40,38,5.00
math_inline_tests::math_u32_log_parity_with_ruint,575642,568342,1.27
math_inline_tests::math_u32_log_unsafe_math,134,127,5.22
math_inline_tests::math_u32_modulo,312,300,3.85
math_inline_tests::math_u32_modulo_unsafe_math,121,117,3.31
math_inline_tests::math_u32_mul,847,813,4.01
math_inline_tests::math_u32_overflow_add,578,551,4.67
math_inline_tests::math_u32_overflow_mul,196,188,4.08
math_inline_tests::math_u32_overflow_pow,140,133,5.00
math_inline_tests::math_u32_sub,862,826,4.18
math_inline_tests::math_u32_underflow_sub,246,235,4.47
math_inline_tests::math_u32_unsafe_math,630,607,3.65
math_inline_tests::math_u32_zero,71,69,2.82
math_inline_tests::math_u64_0th_root_fail,11,10,9.09
math_inline_tests::math_u64_add,167,162,2.99
math_inline_tests::math_u64_disable_overflow,630,607,3.65
math_inline_tests::math_u64_divide,242,234,3.31
math_inline_tests::math_u64_divide_by_zero_unsafe_math,112,109,2.68
math_inline_tests::math_u64_log2_fail_x_0,10,9,10.00
math_inline_tests::math_u64_log2_fail_x_0_disable_overflow,40,38,5.00
math_inline_tests::math_u64_log2_fail_x_0_unsafe_math,78,75,3.85
math_inline_tests::math_u64_log_fail_base_0,10,9,10.00
math_inline_tests::math_u64_log_fail_base_0_disable_overflow,40,38,5.00
math_inline_tests::math_u64_log_fail_base_1,10,9,10.00
math_inline_tests::math_u64_log_fail_base_1_disable_overflow,40,38,5.00
math_inline_tests::math_u64_log_fail_x_0,10,9,10.00
math_inline_tests::math_u64_log_fail_x_0_disable_overflow,40,38,5.00
math_inline_tests::math_u64_log_parity_with_ruint,179591,174116,3.05
math_inline_tests::math_u64_log_unsafe_math,134,127,5.22
math_inline_tests::math_u64_modulo,226,218,3.54
math_inline_tests::math_u64_modulo_unsafe_math,121,117,3.31
math_inline_tests::math_u64_mul,331,320,3.32
math_inline_tests::math_u64_overflow_add,181,176,2.76
math_inline_tests::math_u64_overflow_pow,83,81,2.41
math_inline_tests::math_u64_sub,346,334,3.47
math_inline_tests::math_u64_underflow_sub,112,109,2.68
math_inline_tests::math_u64_unsafe_math,630,607,3.65
math_inline_tests::math_u64_zero,71,69,2.82
math_inline_tests::math_u8_0th_root_fail,11,10,9.09
math_inline_tests::math_u8_add,395,372,5.82
math_inline_tests::math_u8_divide,264,256,3.03
math_inline_tests::math_u8_divide_by_zero_unsafe_math,123,120,2.44
math_inline_tests::math_u8_log2_fail_x_0,10,9,10.00
math_inline_tests::math_u8_log2_fail_x_0_disable_overflow,40,38,5.00
math_inline_tests::math_u8_log2_fail_x_0_unsafe_math,78,75,3.85
math_inline_tests::math_u8_log_fail_base_0,10,9,10.00
math_inline_tests::math_u8_log_fail_base_0_disable_overflow,40,38,5.00
math_inline_tests::math_u8_log_fail_base_1,10,9,10.00
math_inline_tests::math_u8_log_fail_base_1_disable_overflow,40,38,5.00
math_inline_tests::math_u8_log_fail_x_0,10,9,10.00
math_inline_tests::math_u8_log_fail_x_0_disable_overflow,40,38,5.00
math_inline_tests::math_u8_log_parity_with_ruint,586592,579292,1.24
math_inline_tests::math_u8_log_unsafe_math,138,131,5.07
math_inline_tests::math_u8_modulo,224,216,3.57
math_inline_tests::math_u8_modulo_unsafe_math,121,117,3.31
math_inline_tests::math_u8_mul,789,743,5.83
math_inline_tests::math_u8_overflow_add,542,508,6.27
math_inline_tests::math_u8_overflow_mul,185,175,5.41
math_inline_tests::math_u8_overflow_pow,143,136,4.90
math_inline_tests::math_u8_sub,788,740,6.09
math_inline_tests::math_u8_underflow_sub,243,230,5.35
math_inline_tests::math_u8_unsafe_math,471,454,3.61
math_inline_tests::math_u8_zero,73,71,2.74
math_inline_tests::math_u8_zero_root_disable_overflow,471,454,3.61
math_inline_tests::revert_math_u16_add_unsafe_math,104,100,3.85
math_inline_tests::revert_math_u16_divide_by_zero_with_disabled_overflow,42,41,2.38
math_inline_tests::revert_math_u16_modulo_panic_on_overflow_disabled,36,35,2.78
math_inline_tests::revert_math_u16_mul_unsafe_math,105,101,3.81
math_inline_tests::revert_math_u16_overflow_add,74,71,4.05
math_inline_tests::revert_math_u16_overflow_mul,75,72,4.00
math_inline_tests::revert_math_u16_pow_overflow,68,64,5.88
math_inline_tests::revert_math_u16_pow_unsafe_math,98,93,5.10
math_inline_tests::revert_math_u16_sub_unsafe_math,62,60,3.23
math_inline_tests::revert_math_u16_underflow_sub,32,31,3.12
math_inline_tests::revert_math_u256_divide_by_zero_with_disabled_overflow,52,51,1.92
math_inline_tests::revert_math_u256_modulo_panic_on_disabled_overflow,52,51,1.92
math_inline_tests::revert_math_u256_mul_unsafe_math,52,51,1.92
math_inline_tests::revert_math_u256_pow_overflow,1134,1105,2.56
math_inline_tests::revert_math_u256_pow_unsafe_math,1165,1135,2.58
math_inline_tests::revert_math_u256_sub_unsafe_math,43,42,2.33
math_inline_tests::revert_math_u32_add_unsafe_math,104,100,3.85
math_inline_tests::revert_math_u32_divide_by_zero_with_disabled_overflow,42,41,2.38
math_inline_tests::revert_math_u32_modulo_panic_on_overflow_disabled,36,35,2.78
math_inline_tests::revert_math_u32_mul_unsafe_math,105,101,3.81
math_inline_tests::revert_math_u32_overflow_add,74,71,4.05
math_inline_tests::revert_math_u32_overflow_mul,75,72,4.00
math_inline_tests::revert_math_u32_pow_overflow,68,64,5.88
math_inline_tests::revert_math_u32_pow_unsafe_math,98,93,5.10
math_inline_tests::revert_math_u32_sub_unsafe_math,62,60,3.23
math_inline_tests::revert_math_u32_underflow_sub,32,31,3.12
math_inline_tests::revert_math_u64_add_unsafe_math,41,40,2.44
math_inline_tests::revert_math_u64_divide_by_zero_with_disabled_overflow,42,41,2.38
math_inline_tests::revert_math_u64_modulo_panic_on_disabled_overflow,36,35,2.78
math_inline_tests::revert_math_u64_pow_unsafe_math,40,39,2.50
math_inline_tests::revert_math_u64_sub_unsafe_math,42,41,2.38
math_inline_tests::revert_math_u8_add_unsafe_math,101,96,4.95
math_inline_tests::revert_math_u8_divide_by_zero_with_disabled_overflow,44,43,2.27
math_inline_tests::revert_math_u8_modulo_panic_on_overflow_disabled,36,35,2.78
math_inline_tests::revert_math_u8_mul_unsafe_math,102,97,4.90
math_inline_tests::revert_math_u8_overflow_add,71,67,5.63
math_inline_tests::revert_math_u8_overflow_mul,72,68,5.56
math_inline_tests::revert_math_u8_pow_overflow,68,64,5.88
math_inline_tests::revert_math_u8_pow_unsafe_math,98,93,5.10
math_inline_tests::revert_math_u8_sub_unsafe_math,60,57,5.00
math_inline_tests::revert_math_u8_underflow_sub,30,28,6.67
ops_inline_tests::str_eq_test,1255,1212,3.43
option_inline_tests::option_eq,1520,1471,3.22
option_inline_tests::option_expect,1137,1107,2.64
option_inline_tests::option_is_none,760,733,3.55
option_inline_tests::option_is_some,751,724,3.60
option_inline_tests::option_ne,1612,1563,3.04
option_inline_tests::option_ok_or,1511,1472,2.58
option_inline_tests::option_unwrap,1027,997,2.92
option_inline_tests::option_unwrap_or,1244,1205,3.14
option_inline_tests::revert_option_expect_when_none,252,251,0.40
output_inline_tests::output_output_eq,439,424,3.42
output_inline_tests::output_output_neq,1088,1058,2.76
primitive_conversions_b256_inline_tests::b256_from_tuple,181,178,1.66
primitive_conversions_b256_inline_tests::b256_from_u128,697,672,3.59
primitive_conversions_b256_inline_tests::b256_from_u256,175,172,1.71
primitive_conversions_b256_inline_tests::b256_into_tuple,209,206,1.44
primitive_conversions_b256_inline_tests::b256_into_u128,743,718,3.36
primitive_conversions_b256_inline_tests::b256_into_u256,187,184,1.60
primitive_conversions_b256_inline_tests::b256_try_from_b512,364,354,2.75
primitive_conversions_b256_inline_tests::b256_try_from_bytes,5421,5400,0.39
primitive_conversions_b256_inline_tests::test_b256_as_u256,63,62,1.59
primitive_conversions_str_inline_tests::str_slice_to_str_array,545,528,3.12
primitive_conversions_u16_inline_tests::test_u16_as_u256,98,96,2.04
primitive_conversions_u16_inline_tests::test_u16_as_u32,49,48,2.04
primitive_conversions_u16_inline_tests::test_u16_as_u64,49,48,2.04
primitive_conversions_u16_inline_tests::u16_from_u8,111,108,2.70
primitive_conversions_u16_inline_tests::u16_into_u8,111,108,2.70
primitive_conversions_u16_inline_tests::u16_try_from_u128,940,908,3.40
primitive_conversions_u16_inline_tests::u16_try_from_u256,987,940,4.76
primitive_conversions_u16_inline_tests::u16_try_from_u32,611,589,3.60
primitive_conversions_u16_inline_tests::u16_try_from_u64,594,572,3.70
primitive_conversions_u256_inline_tests::u256_from_b256,177,174,1.69
primitive_conversions_u256_inline_tests::u256_from_tuple,181,178,1.66
primitive_conversions_u256_inline_tests::u256_from_u128,426,411,3.52
primitive_conversions_u256_inline_tests::u256_from_u16,274,268,2.19
primitive_conversions_u256_inline_tests::u256_from_u32,274,268,2.19
primitive_conversions_u256_inline_tests::u256_from_u64,274,268,2.19
primitive_conversions_u256_inline_tests::u256_from_u8,274,268,2.19
primitive_conversions_u256_inline_tests::u256_into_b256,200,197,1.50
primitive_conversions_u256_inline_tests::u256_into_tuple,209,206,1.44
primitive_conversions_u256_inline_tests::u256_into_u128,454,439,3.30
primitive_conversions_u256_inline_tests::u256_into_u16,293,287,2.05
primitive_conversions_u256_inline_tests::u256_into_u32,293,287,2.05
primitive_conversions_u256_inline_tests::u256_into_u64,293,287,2.05
primitive_conversions_u256_inline_tests::u256_into_u8,299,293,2.01
primitive_conversions_u256_inline_tests::u256_try_from_b512,1061,1034,2.54
primitive_conversions_u32_inline_tests::test_u32_as_u256,98,96,2.04
primitive_conversions_u32_inline_tests::test_u32_as_u64,49,48,2.04
primitive_conversions_u32_inline_tests::u32_from_u16,103,100,2.91
primitive_conversions_u32_inline_tests::u32_from_u8,109,106,2.75
primitive_conversions_u32_inline_tests::u32_into_u16,103,100,2.91
primitive_conversions_u32_inline_tests::u32_into_u8,109,106,2.75
primitive_conversions_u32_inline_tests::u32_try_from_u128,940,908,3.40
primitive_conversions_u32_inline_tests::u32_try_from_u256,1099,1047,4.73
primitive_conversions_u32_inline_tests::u32_try_from_u64,594,572,3.70
primitive_conversions_u64_inline_tests::u64_as_u256,98,96,2.04
primitive_conversions_u64_inline_tests::u64_from_u16,105,102,2.86
primitive_conversions_u64_inline_tests::u64_from_u32,105,102,2.86
primitive_conversions_u64_inline_tests::u64_from_u8,111,108,2.70
primitive_conversions_u64_inline_tests::u64_into_u16,105,102,2.86
primitive_conversions_u64_inline_tests::u64_into_u32,105,102,2.86
primitive_conversions_u64_inline_tests::u64_into_u8,111,108,2.70
primitive_conversions_u64_inline_tests::u64_try_from_u128,776,748,3.61
primitive_conversions_u64_inline_tests::u64_try_from_u256,1095,1043,4.75
primitive_conversions_u8_inline_tests::test_u8_as_u16,51,50,1.96
primitive_conversions_u8_inline_tests::test_u8_as_u256,100,98,2.00
primitive_conversions_u8_inline_tests::test_u8_as_u32,51,50,1.96
primitive_conversions_u8_inline_tests::test_u8_as_u64,51,50,1.96
primitive_conversions_u8_inline_tests::u8_try_from_u128,946,914,3.38
primitive_conversions_u8_inline_tests::u8_try_from_u16,617,595,3.57
primitive_conversions_u8_inline_tests::u8_try_from_u256,1109,1057,4.69
primitive_conversions_u8_inline_tests::u8_try_from_u32,617,595,3.57
primitive_conversions_u8_inline_tests::u8_try_from_u64,600,578,3.67
result_inline_tests::result_expect,1143,1113,2.62
result_inline_tests::result_is_err,742,717,3.37
result_inline_tests::result_is_ok,733,708,3.41
result_inline_tests::result_unwrap,1028,998,2.92
result_inline_tests::result_unwrap_or,1218,1180,3.12
result_inline_tests::revert_result_expect_when_none,403,396,1.74
result_inline_tests::test_eq_u64_u64,377,369,2.12
result_inline_tests::test_neq_u64_u64,2050,2006,2.15
revert_inline_tests::pass_revert_require,60,59,1.67
revert_inline_tests::revert_revert_require,240,238,0.83
revert_inline_tests::revert_revert_with_log,219,218,0.46
storage_key_inline_tests::storage_key_field_id,437,422,3.43
storage_key_inline_tests::storage_key_is_zero,1070,1030,3.74
storage_key_inline_tests::storage_key_new,794,761,4.16
storage_key_inline_tests::storage_key_offset,377,362,3.98
storage_key_inline_tests::storage_key_slot,434,419,3.46
storage_key_inline_tests::storage_key_zero,272,261,4.04
string_inline_tests::string_as_bytes,1005,964,4.08
string_inline_tests::string_as_raw_slice,905,882,2.54
string_inline_tests::string_bytes_from,1297,1262,2.70
string_inline_tests::string_bytes_into,1297,1262,2.70
string_inline_tests::string_capacity,581,558,3.96
string_inline_tests::string_clear,495,476,3.84
string_inline_tests::string_clear_empty,290,276,4.83
string_inline_tests::string_clone,2441,2362,3.24
string_inline_tests::string_from_ascii,1564,1524,2.56
string_inline_tests::string_from_ascii_str,1378,1338,2.90
string_inline_tests::string_from_bytes,1287,1252,2.72
string_inline_tests::string_from_raw_slice,1345,1311,2.53
string_inline_tests::string_into_bytes,1967,1896,3.61
string_inline_tests::string_into_raw_slice,1686,1622,3.80
string_inline_tests::string_is_empty,1105,1064,3.71
string_inline_tests::string_new,243,231,4.94
string_inline_tests::string_ptr,1086,1048,3.50
string_inline_tests::string_raw_slice_from,905,882,2.54
string_inline_tests::string_raw_slice_into,919,896,2.50
string_inline_tests::string_test_abi_encoding,1180,1151,2.46
string_inline_tests::string_test_equal,1540,1493,3.05
string_inline_tests::string_test_hash,951,920,3.26
string_inline_tests::string_with_capacity,3120,2951,5.42
tx_inline_tests::tx_transaction_eq,1555,1501,3.47
tx_inline_tests::tx_transaction_ne,6780,6600,2.65
u128_inline_tests::parity_u128_log_with_ruint,2207192,2138119,3.13
u128_inline_tests::revert_u128_1log1,336,327,2.68
u128_inline_tests::revert_u128_1log1_disable_overflow,366,356,2.73
u128_inline_tests::revert_u128_add,503,481,4.37
u128_inline_tests::revert_u128_add_on_unsafe_math,533,510,4.32
u128_inline_tests::revert_u128_binary_log,227,219,3.52
u128_inline_tests::revert_u128_binary_log_disable_overflow,257,248,3.50
u128_inline_tests::revert_u128_disable_overflow,336,327,2.68
u128_inline_tests::revert_u128_disable_overflow_disable_overflow,366,356,2.73
u128_inline_tests::revert_u128_divide_by_zero,282,272,3.55
u128_inline_tests::revert_u128_divide_by_zero_disabled_overflow,312,301,3.53
u128_inline_tests::revert_u128_mod_zero,246,238,3.25
u128_inline_tests::revert_u128_mod_zero_disabled_overflow,276,267,3.26
u128_inline_tests::revert_u128_multiply,270,259,4.07
u128_inline_tests::revert_u128_multiply_on_unsafe_math,287,276,3.83
u128_inline_tests::revert_u128_pow_overflow,535,517,3.36
u128_inline_tests::revert_u128_sub,232,224,3.45
u128_inline_tests::revert_u128_sub_on_unsafe_math,262,253,3.44
u128_inline_tests::revert_u128_zero_root,209,202,3.35
u128_inline_tests::revert_u128_zero_root_overflow_disabled,239,231,3.35
u128_inline_tests::revert_unsafe_math_u128_0log_3,396,384,3.03
u128_inline_tests::revert_unsafe_math_u128_0log_3_disable_overflow,426,413,3.05
u128_inline_tests::u128_add,2555,2432,4.81
u128_inline_tests::u128_add_overflow,1670,1600,4.19
u128_inline_tests::u128_as_u256,12508,12061,3.57
u128_inline_tests::u128_as_u64,962,932,3.12
u128_inline_tests::u128_binary_log,2143,2045,4.57
u128_inline_tests::u128_bits,43,42,2.33
u128_inline_tests::u128_bitwise_and,2494,2378,4.65
u128_inline_tests::u128_bitwise_or,4396,4191,4.66
u128_inline_tests::u128_divide,87811,85279,2.88
u128_inline_tests::u128_divide_by_zero_unsafe_math,309,299,3.24
u128_inline_tests::u128_eq,519,501,3.47
u128_inline_tests::u128_from_u16,477,465,2.52
u128_inline_tests::u128_from_u32,477,465,2.52
u128_inline_tests::u128_from_u64,477,465,2.52
u128_inline_tests::u128_from_u64_tuple,484,460,4.96
u128_inline_tests::u128_from_u8,483,471,2.48
u128_inline_tests::u128_into_u64_tuple,486,468,3.70
u128_inline_tests::u128_is_zero,490,471,3.88
u128_inline_tests::u128_log,26814,25796,3.80
u128_inline_tests::u128_log_unsafe_math,823,796,3.28
u128_inline_tests::u128_lower,336,321,4.46
u128_inline_tests::u128_max,154,147,4.55
u128_inline_tests::u128_min,127,121,4.72
u128_inline_tests::u128_mod,1212453,1178233,2.82
u128_inline_tests::u128_mod_zero_unsafe_math,757,730,3.57
u128_inline_tests::u128_multiply,1368,1307,4.46
u128_inline_tests::u128_multiply_overflow,841,810,3.69
u128_inline_tests::u128_ne,1261,1219,3.33
u128_inline_tests::u128_new,150,143,4.67
u128_inline_tests::u128_not,593,563,5.06
u128_inline_tests::u128_ord,1928,1856,3.73
u128_inline_tests::u128_overflowing_add,621,595,4.19
u128_inline_tests::u128_overflowing_mul,452,435,3.76
u128_inline_tests::u128_overflowing_pow,5070,4877,3.81
u128_inline_tests::u128_pow,9286,8955,3.56
u128_inline_tests::u128_root,15153,14578,3.79
u128_inline_tests::u128_shift,1152,1106,3.99
u128_inline_tests::u128_sub,1394,1334,4.30
u128_inline_tests::u128_sub_underflow,648,627,3.24
u128_inline_tests::u128_u16_into,493,481,2.43
u128_inline_tests::u128_u32_into,493,481,2.43
u128_inline_tests::u128_u64_into,493,481,2.43
u128_inline_tests::u128_u64_tuple_from,450,432,4.00
u128_inline_tests::u128_u64_tuple_into,502,478,4.78
u128_inline_tests::u128_u8_into,499,487,2.40
u128_inline_tests::u128_underflowing_sub,353,341,3.40
u128_inline_tests::u128_unsafe_math_log2,344,332,3.49
u128_inline_tests::u128_unsafemath_log2,344,332,3.49
u128_inline_tests::u128_upper,336,321,4.46
u128_inline_tests::u128_zero,164,160,2.44
u128_inline_tests::u128_zero_root_unsafe_math,476,461,3.15
vec_inline_tests::revert_vec_insert_out_of_bounds,799,776,2.88
vec_inline_tests::revert_vec_remove_out_of_bounds,766,744,2.87
vec_inline_tests::revert_vec_set_out_of_bounds,769,747,2.86
vec_inline_tests::revert_vec_swap_element_1_out_of_bounds,768,746,2.86
vec_inline_tests::revert_vec_swap_element_2_out_of_bounds,792,769,2.90
vec_inline_tests::vec_as_raw_slice,926,899,2.92
vec_inline_tests::vec_buffer_ownership,2496,2387,4.37
vec_inline_tests::vec_capacity,1203,1161,3.49
vec_inline_tests::vec_clear,805,780,3.11
vec_inline_tests::vec_clear_empty_vec,286,270,5.59
vec_inline_tests::vec_clear_twice,873,847,2.98
vec_inline_tests::vec_clone,1981,1899,4.14
vec_inline_tests::vec_encode_and_decode,2581,2482,3.84
vec_inline_tests::vec_from_raw_slice,502,481,4.18
vec_inline_tests::vec_get,1938,1858,4.13
vec_inline_tests::vec_insert,1800,1732,3.78
vec_inline_tests::vec_insert_back,1729,1661,3.93
vec_inline_tests::vec_insert_before_back,1778,1709,3.88
vec_inline_tests::vec_insert_front,1849,1780,3.73
vec_inline_tests::vec_insert_twice,3119,2995,3.98
vec_inline_tests::vec_is_empty,1024,984,3.91
vec_inline_tests::vec_iter,2257,2173,3.72
vec_inline_tests::vec_last,1863,1799,3.44
vec_inline_tests::vec_len,1355,1313,3.10
vec_inline_tests::vec_new,184,174,5.43
vec_inline_tests::vec_pop,3470,3343,3.66
vec_inline_tests::vec_ptr,1167,1117,4.28
vec_inline_tests::vec_push,2300,2208,4.00
vec_inline_tests::vec_raw_slice_into,508,487,4.13
vec_inline_tests::vec_remove,1828,1758,3.83
vec_inline_tests::vec_remove_all,1469,1417,3.54
vec_inline_tests::vec_remove_end,1420,1365,3.87
vec_inline_tests::vec_remove_front,1495,1440,3.68
vec_inline_tests::vec_resize,6186,5910,4.46
vec_inline_tests::vec_set,1491,1434,3.82
vec_inline_tests::vec_set_back,1518,1459,3.89
vec_inline_tests::vec_set_front,1491,1434,3.82
vec_inline_tests::vec_set_twice,2166,2077,4.11
vec_inline_tests::vec_swap,1822,1751,3.90
vec_inline_tests::vec_swap_end,1489,1433,3.76
vec_inline_tests::vec_swap_front,1488,1432,3.76
vec_inline_tests::vec_swap_front_with_end,1489,1433,3.76
vec_inline_tests::vec_swap_twice,2754,2638,4.21
vec_inline_tests::vec_with_capacity,3283,3228,1.68
vm_evm_ecr_inline_tests::ecr_ec_recover,3666,3624,1.15
vm_evm_evm_address_inline_tests::evm_address_b256_from,381,366,3.94
vm_evm_evm_address_inline_tests::evm_address_b256_into,400,385,3.75
vm_evm_evm_address_inline_tests::evm_address_bits,372,357,4.03
vm_evm_evm_address_inline_tests::evm_address_eq,530,509,3.96
vm_evm_evm_address_inline_tests::evm_address_from_b256,372,357,4.03
vm_evm_evm_address_inline_tests::evm_address_hash,2364,2288,3.21
vm_evm_evm_address_inline_tests::evm_address_into_b256,400,385,3.75
vm_evm_evm_address_inline_tests::evm_address_into_bytes,8716,8480,2.71
vm_evm_evm_address_inline_tests::evm_address_is_zero,479,464,3.13
vm_evm_evm_address_inline_tests::evm_address_ne,376,361,3.99
vm_evm_evm_address_inline_tests::evm_address_try_from_bytes,3660,3503,4.29
vm_evm_evm_address_inline_tests::evm_address_zero,127,123,3.15